Rk,Player,Age,Team,Lg,WAR,G,PA,AB,R,H,2B,3B,HR,RBI,SB,CS,BB,SO,BA,OBP,SLG,OPS,OPS+,rOBA,Rbat+,TB,GIDP,HBP,SH,SF,IBB,Pos
1,Matt Williams,28,SFG,NL,4.7,112,483,445,74,119,16,3,43,96,1,0,33,87,0.267,0.319,0.607,0.926,141,0.402,146,270,11,2,0,3,7,*5/H
2,Ken Griffey Jr.*,24,SEA,AL,6.9,111,493,433,94,140,24,4,40,90,11,3,56,73,0.323,0.402,0.674,1.076,171,0.453,170,292,9,2,0,2,19,*8/D9
3,Jeff Bagwell,26,HOU,NL,8.2,110,479,400,104,147,32,2,39,116,15,4,65,65,0.368,0.451,0.75,1.201,213,0.51,222,300,12,4,0,10,14,*3/H9
4,Frank Thomas,26,CHW,AL,6.4,113,517,399,106,141,34,1,38,101,2,3,109,61,0.353,0.487,0.729,1.217,212,0.504,209,291,15,2,0,7,12,*3D/H
5,Barry Bonds*,29,SFG,NL,6.2,112,474,391,89,122,18,1,37,81,29,9,74,43,0.312,0.426,0.647,1.073,183,0.458,185,253,3,6,0,3,18,*7/H
6,Albert Belle,27,CLE,AL,5.7,106,480,412,90,147,35,2,36,101,9,6,58,71,0.357,0.438,0.714,1.152,194,0.486,197,294,5,5,1,4,9,*7/D
7,Fred McGriff*,30,ATL,NL,4.6,113,478,424,81,135,25,1,34,94,7,3,50,76,0.318,0.389,0.623,1.012,157,0.429,157,264,8,1,0,3,8,*3/H
8,José Canseco,29,TEX,AL,3,111,505,429,88,121,19,2,31,90,15,8,69,114,0.282,0.386,0.552,0.939,140,0.408,141,237,20,5,0,2,8,*D
9,Andrés Galarraga,33,COL,NL,2,103,449,417,77,133,21,0,31,85,8,3,19,93,0.319,0.356,0.592,0.949,127,0.416,134,247,10,8,0,5,8,*3
10,Kevin Mitchell,32,CIN,NL,3.7,95,380,310,57,101,18,1,30,77,2,0,59,62,0.326,0.429,0.681,1.11,185,0.461,185,211,12,3,0,8,15,*7/H3
11,Cecil Fielder,30,DET,AL,1.9,109,481,425,67,110,16,2,28,90,0,0,50,110,0.259,0.337,0.504,0.84,114,0.371,113,214,17,2,0,4,4,*3/D
12,Dante Bichette,30,COL,NL,1,116,509,484,74,147,33,2,27,95,21,8,19,70,0.304,0.334,0.548,0.882,111,0.388,114,265,17,4,0,2,3,*9/H
13,Joe Carter,34,TOR,AL,0.7,111,483,435,70,118,25,2,27,103,11,0,33,64,0.271,0.317,0.524,0.841,113,0.365,106,228,6,2,0,13,6,*9/DH
14,Gary Sheffield,25,FLA,NL,2.1,87,384,322,61,89,16,1,27,78,12,6,51,50,0.276,0.38,0.584,0.964,145,0.408,143,188,10,6,0,5,11,*9/H
15,Chili Davis#,34,CAL,AL,3.1,108,468,392,72,122,18,1,26,84,3,2,69,84,0.311,0.41,0.561,0.971,148,0.415,145,220,12,1,0,6,11,*D/7
16,Mo Vaughn*,26,BOS,AL,2.7,111,463,394,65,122,25,1,26,82,4,4,57,112,0.31,0.408,0.576,0.984,147,0.417,144,227,7,10,0,2,20,*3/HD
17,Sammy Sosa,25,CHC,NL,3.8,105,458,426,59,128,17,6,25,70,22,13,25,92,0.3,0.339,0.545,0.884,127,0.386,131,232,7,2,1,4,1,*98
18,Bob Hamelin*,26,KCR,AL,2.6,101,375,312,64,88,25,1,24,65,4,3,56,62,0.282,0.388,0.599,0.987,147,0.419,144,187,4,1,0,5,3,D3H
19,Mike Piazza,25,LAD,NL,3.6,107,441,405,64,129,18,0,24,92,1,3,33,65,0.319,0.37,0.541,0.91,140,0.39,140,219,11,1,0,2,10,*2/H
20,Kirk Gibson*,37,DET,AL,1.8,98,382,330,71,91,17,2,23,72,4,5,42,69,0.276,0.358,0.548,0.906,130,0.387,128,181,2,3,2,5,3,D89H
21,Rafael Palmeiro*,29,BAL,AL,4,111,498,436,82,139,32,0,23,76,7,3,54,63,0.319,0.392,0.55,0.942,136,0.408,134,240,11,2,0,6,1,*3
22,Tim Salmon,25,CAL,AL,2.6,100,435,373,67,107,18,2,23,70,1,3,54,102,0.287,0.382,0.531,0.912,133,0.402,137,198,3,5,0,3,2,*9/H
23,Rubén Sierra#,28,OAK,AL,0.3,110,460,426,71,114,21,1,23,92,8,5,23,64,0.268,0.298,0.484,0.781,106,0.337,101,206,15,0,0,11,4,*9D/H8
24,Tim Wallach,36,LAD,NL,1.9,113,466,414,68,116,21,1,23,78,0,2,46,80,0.28,0.356,0.502,0.859,127,0.374,127,208,12,4,0,2,2,*5/H
25,Moisés Alou,27,MON,NL,5.1,107,471,422,81,143,31,5,22,78,7,6,42,63,0.339,0.397,0.592,0.989,153,0.43,161,250,7,2,0,5,10,*79/H
26,Jay Buhner,29,SEA,AL,2.8,101,436,358,74,100,23,4,21,68,0,1,66,63,0.279,0.394,0.542,0.936,138,0.408,139,194,7,5,2,5,3,*9/DH8
27,Paul O'Neill*,31,NYY,AL,4.3,103,443,368,68,132,25,1,21,83,5,4,72,56,0.359,0.46,0.603,1.064,177,0.457,179,222,16,0,0,3,13,*97H/D
28,Bobby Bonilla#,31,NYM,NL,2.8,108,460,403,60,117,24,1,20,67,1,3,55,101,0.29,0.374,0.504,0.878,128,0.382,128,203,10,0,0,2,9,*5/H
29,Julio Franco,35,CHW,AL,3,112,505,433,72,138,19,2,20,98,8,1,62,75,0.319,0.406,0.51,0.916,137,0.411,141,221,14,5,0,5,4,*D3
30,Tino Martinez*,26,SEA,AL,1.1,97,366,329,42,86,21,0,20,61,1,2,29,52,0.261,0.32,0.508,0.828,109,0.354,102,167,9,1,4,3,2,*3/DH
31,Kirby Puckett,34,MIN,AL,3.6,108,482,439,79,139,32,3,20,112,6,3,28,47,0.317,0.362,0.54,0.902,129,0.395,131,237,11,7,1,7,7,*9D/8
32,Jim Thome*,23,CLE,AL,2,98,369,321,58,86,20,1,20,52,3,3,46,84,0.268,0.359,0.523,0.882,127,0.388,129,168,11,0,1,1,5,*5/H
33,Carlos Baerga#,25,CLE,AL,2.7,103,469,442,81,139,32,2,19,80,8,2,10,45,0.314,0.333,0.525,0.858,119,0.379,120,232,10,6,3,8,1,*4/D
34,Juan González,24,TEX,AL,1,107,463,422,57,116,18,4,19,85,6,4,30,66,0.275,0.33,0.472,0.802,105,0.351,102,199,18,7,0,4,10,*7/H
35,Chris Hoiles,29,BAL,AL,2.8,99,406,332,45,82,10,0,19,53,2,0,63,73,0.247,0.371,0.449,0.82,107,0.366,104,149,6,5,1,4,2,*2/H
36,David Justice*,28,ATL,NL,3.7,104,424,352,61,110,16,2,19,59,2,4,69,45,0.313,0.427,0.531,0.958,147,0.426,157,187,8,2,0,1,5,*9/H
37,Ray Lankford*,27,STL,NL,2.8,109,482,416,89,111,25,5,19,57,11,10,58,113,0.267,0.359,0.488,0.847,121,0.373,124,203,0,4,0,4,3,*8/H
38,Dean Palmer,25,TEX,AL,0,93,371,342,50,84,14,2,19,59,3,4,26,89,0.246,0.302,0.465,0.767,95,0.338,95,159,7,2,0,1,0,*5/H
39,Tony Phillips#,35,DET,AL,4.7,114,538,438,91,123,19,3,19,61,13,5,95,105,0.281,0.409,0.468,0.877,126,0.4,133,205,8,2,0,3,3,*74/DH
40,Danny Tartabull,31,NYY,AL,1,104,470,399,68,102,24,1,19,67,1,1,66,111,0.256,0.36,0.464,0.823,115,0.368,116,185,11,1,0,4,3,*D9/H
41,Greg Vaughn,28,MIL,AL,1.3,95,423,370,59,94,24,1,19,55,9,5,51,93,0.254,0.345,0.478,0.824,107,0.354,99,177,6,1,0,1,6,*7D/8
42,Larry Walker*,27,MON,NL,4.7,103,452,395,76,127,44,2,19,86,15,5,47,74,0.322,0.394,0.587,0.981,151,0.43,157,232,8,4,0,6,5,93/H
43,Todd Zeile,28,STL,NL,1.8,113,477,415,62,111,25,1,19,75,1,3,52,56,0.267,0.348,0.47,0.818,113,0.363,116,195,13,3,0,7,3,*5/H
44,Ken Caminiti#,31,HOU,NL,3.8,111,454,406,63,115,28,2,18,75,4,3,43,71,0.283,0.352,0.495,0.847,123,0.365,120,201,8,2,0,3,13,*5/H
45,Jeff Conine,28,FLA,NL,2.9,115,496,451,60,144,27,6,18,82,1,2,40,92,0.319,0.373,0.525,0.898,130,0.392,131,237,8,1,0,4,4,*73/H
46,Travis Fryman,25,DET,AL,2,114,528,464,66,122,34,5,18,85,2,2,45,128,0.263,0.326,0.474,0.801,104,0.346,97,220,6,5,1,13,1,*5
47,Phil Plantier*,25,SDP,NL,-0.5,96,385,341,44,75,21,0,18,41,3,1,36,91,0.22,0.302,0.44,0.742,93,0.328,89,150,8,5,1,2,6,*7/H
48,Ryan Thompson,26,NYM,NL,0.7,98,379,334,39,75,14,1,18,59,1,1,28,94,0.225,0.301,0.434,0.735,90,0.328,88,145,8,10,3,4,7,*8/H
49,Robin Ventura*,26,CHW,AL,3,109,474,401,57,113,15,1,18,78,3,1,61,69,0.282,0.373,0.459,0.832,116,0.365,111,184,8,2,2,8,15,*5/36H
50,Ryan Klesko*,23,ATL,NL,1.2,92,276,245,42,68,13,3,17,47,1,0,26,48,0.278,0.344,0.563,0.907,130,0.392,130,138,8,1,0,4,3,7H/3
51,Jim Leyritz,30,NYY,AL,1.9,75,293,249,47,66,12,0,17,58,0,0,35,61,0.265,0.365,0.518,0.883,129,0.392,132,129,9,6,0,3,1,2D3/H
52,Eddie Murray#,38,CLE,AL,-0.1,108,467,433,57,110,21,1,17,76,8,4,31,53,0.254,0.302,0.425,0.727,87,0.32,81,184,8,0,0,3,6,*D3
53,Manny Ramírez,22,CLE,AL,1.6,91,336,290,51,78,22,0,17,60,4,2,42,72,0.269,0.357,0.521,0.878,125,0.377,120,151,6,0,0,4,4,*9/HD
54,Reggie Sanders,26,CIN,NL,3.3,107,447,400,66,105,20,8,17,62,21,9,41,114,0.263,0.332,0.48,0.812,110,0.358,108,192,2,2,1,3,1,*9/H
55,Mike Stanley,31,NYY,AL,3.6,82,333,290,54,87,20,0,17,57,0,0,39,56,0.3,0.384,0.545,0.929,141,0.409,144,158,10,2,0,2,2,2/3DH
56,Mickey Tettleton#,33,DET,AL,1.5,107,444,339,57,84,18,2,17,51,0,1,97,98,0.248,0.419,0.463,0.882,128,0.394,130,157,4,5,0,3,10,23D9/H7
57,Harold Baines*,35,BAL,AL,0.6,94,357,326,44,96,12,1,16,54,0,0,30,49,0.294,0.356,0.485,0.84,110,0.363,103,158,9,1,0,0,6,*DH
58,Andre Dawson,39,BOS,AL,-1.1,75,306,292,34,70,18,0,16,48,2,2,9,53,0.24,0.271,0.466,0.737,83,0.31,69,136,15,4,0,1,3,D/H
59,Todd Hundley#,25,NYM,NL,1.3,91,323,291,45,69,10,1,16,42,2,1,25,73,0.237,0.303,0.443,0.746,93,0.333,91,129,3,3,3,1,4,*2H
60,Raúl Mondesi,23,LAD,NL,1.8,112,454,434,63,133,27,8,16,56,11,8,16,78,0.306,0.333,0.516,0.849,123,0.364,121,224,9,2,0,2,5,*98
61,Iván Rodríguez,22,TEX,AL,3.2,99,405,363,56,108,19,1,16,57,6,3,31,42,0.298,0.36,0.488,0.848,118,0.378,120,177,10,7,0,4,5,*2/H
62,Wil Cordero,22,MON,NL,3.1,110,467,415,65,122,30,3,15,63,16,3,41,62,0.294,0.363,0.489,0.853,119,0.397,131,203,8,6,2,3,3,*6/H
63,Darren Daulton*,32,PHI,NL,2.5,69,292,257,43,77,17,1,15,56,4,1,33,43,0.3,0.38,0.549,0.929,137,0.407,140,141,3,1,0,1,2,2/H
64,Leo Gómez,28,BAL,AL,2.2,84,334,285,46,78,20,0,15,56,0,0,41,55,0.274,0.366,0.502,0.868,117,0.382,116,143,5,3,0,4,0,*5/DH3
65,Shane Mack,30,MIN,AL,3.9,81,347,303,55,101,21,2,15,61,4,1,32,51,0.333,0.402,0.564,0.966,147,0.423,148,171,11,6,1,5,1,78/DH
66,Troy Neel*,28,OAK,AL,1.7,83,320,278,43,74,13,0,15,48,2,3,38,61,0.266,0.357,0.475,0.832,122,0.367,123,132,4,2,1,1,5,3D/H
67,Brian Hunter,26,2TM,NL,-0.4,85,278,256,34,60,16,1,15,57,0,0,17,56,0.234,0.277,0.48,0.757,92,0.328,86,123,3,0,0,5,2,3H/79
67,Brian Hunter,26,PIT,NL,-0.9,76,252,233,28,53,15,1,11,47,0,0,15,55,0.227,0.27,0.442,0.712,81,0.309,71,103,3,0,0,4,2,3H/7
67,Brian Hunter,26,CIN,NL,0.5,9,26,23,6,7,1,0,4,10,0,0,2,1,0.304,0.346,0.87,1.216,205,0.518,223,20,0,0,0,1,0,/9H37
68,Sandy Alomar,28,CLE,AL,2.1,80,320,292,44,84,15,1,14,43,8,4,25,31,0.288,0.347,0.49,0.837,115,0.369,114,143,7,2,0,1,2,*2/H
69,Derek Bell,25,SDP,NL,1.1,108,466,434,54,135,20,0,14,54,24,8,29,88,0.311,0.354,0.454,0.808,112,0.377,122,197,14,1,0,2,5,*8/H
70,Scott Brosius,27,OAK,AL,0.6,96,360,324,31,77,14,1,14,49,2,6,24,57,0.238,0.289,0.417,0.706,87,0.306,84,135,7,2,4,6,0,*5/978H3
71,Steve Buechele,32,CHC,NL,-0.4,104,387,339,33,82,11,1,14,52,1,0,39,80,0.242,0.325,0.404,0.729,90,0.328,87,137,8,4,2,3,2,*5/3H4
72,Eric Karros,26,LAD,NL,0.1,111,448,406,51,108,21,1,14,46,2,0,29,53,0.266,0.31,0.426,0.736,95,0.326,91,173,13,2,0,11,1,*3/H
73,Jeff Kent,26,NYM,NL,2.7,107,452,415,53,121,24,5,14,68,1,4,23,84,0.292,0.341,0.475,0.816,111,0.357,111,197,7,10,1,3,3,*4
74,Scott Leius,28,MIN,AL,0.8,97,391,350,57,86,16,1,14,49,2,4,37,58,0.246,0.318,0.417,0.735,88,0.329,88,146,9,1,1,2,0,*5/H6
75,Mike Macfarlane,30,KCR,AL,1,92,370,314,53,80,17,3,14,47,1,0,35,71,0.255,0.359,0.462,0.821,108,0.364,105,145,9,18,0,3,1,*2/DH
76,Paul Molitor,37,TOR,AL,3.6,115,516,454,86,155,30,4,14,75,20,0,55,48,0.341,0.41,0.518,0.927,138,0.421,141,235,13,1,0,5,4,*D/3
77,Paul Sorrento*,28,CLE,AL,0.8,95,360,322,43,90,14,0,14,62,0,1,34,68,0.28,0.345,0.453,0.799,106,0.35,102,146,7,0,1,3,6,*3/HD
78,Mark Whiten#,27,STL,NL,3.1,92,374,334,57,98,18,2,14,53,10,5,37,75,0.293,0.364,0.485,0.849,121,0.38,126,162,8,1,0,2,9,*9/H
79,Gerónimo Berroa,29,OAK,AL,2.5,96,391,340,55,104,18,2,13,65,7,2,41,62,0.306,0.379,0.485,0.864,131,0.385,132,165,5,3,0,7,0,D7/3H9
80,Ellis Burks,29,COL,NL,1.4,42,165,149,33,48,8,3,13,24,3,1,16,39,0.322,0.388,0.678,1.066,154,0.462,168,101,3,0,0,0,3,8/H
81,Will Clark*,30,TEX,AL,3.6,110,469,389,73,128,24,2,13,80,5,1,71,59,0.329,0.431,0.501,0.932,141,0.412,142,195,5,3,0,6,11,*3/HD
82,Scott Cooper*,26,BOS,AL,1.9,104,406,369,49,104,16,4,13,53,0,3,30,65,0.282,0.333,0.453,0.786,98,0.345,95,167,6,1,1,5,2,*5/H
83,Junior Félix#,26,DET,AL,1.6,86,339,301,54,92,25,1,13,49,1,6,26,76,0.306,0.372,0.525,0.897,129,0.384,128,158,6,8,0,4,2,*9/7H8D
84,Pete Incaviglia,30,PHI,NL,-0.5,80,263,244,28,56,10,1,13,32,1,0,16,71,0.23,0.278,0.439,0.716,82,0.316,75,107,3,1,0,2,3,7H
85,Bo Jackson,31,CAL,AL,0.6,75,224,201,23,56,7,0,13,43,1,0,20,72,0.279,0.344,0.507,0.851,117,0.38,119,102,2,1,0,2,2,7H/D9
86,Javy López,23,ATL,NL,-0.1,80,303,277,27,68,9,0,13,35,0,2,17,61,0.245,0.299,0.419,0.718,84,0.324,84,116,12,5,2,2,0,2/H
87,Edgar Martínez,31,SEA,AL,3.1,89,387,326,47,93,23,1,13,51,6,2,53,42,0.285,0.387,0.482,0.869,122,0.388,123,157,2,3,2,3,3,5D/H
88,Cal Ripken Jr.,33,BAL,AL,4,112,484,444,71,140,19,3,13,75,1,0,32,41,0.315,0.364,0.459,0.823,107,0.368,106,204,17,4,0,4,3,*6
89,Devon White#,31,TOR,AL,2.4,100,435,403,67,109,24,6,13,49,11,3,21,80,0.27,0.313,0.457,0.77,96,0.345,94,184,4,5,4,2,3,*8/H
90,Brady Anderson*,30,BAL,AL,2.6,111,525,453,78,119,25,5,12,48,31,1,57,75,0.263,0.356,0.419,0.776,96,0.361,93,190,7,10,3,2,3,*78/9H
91,Bret Boone,25,CIN,NL,1.9,108,424,381,59,122,25,2,12,68,3,4,24,74,0.32,0.368,0.491,0.858,123,0.383,129,187,10,8,5,6,1,*4/H5
92,Gary Gaetti,35,KCR,AL,2.4,90,352,327,53,94,15,3,12,57,0,2,19,63,0.287,0.328,0.462,0.789,99,0.354,101,151,9,2,1,3,3,*5/3H
93,Tony Gwynn*,34,SDP,NL,4.2,110,475,419,79,165,35,1,12,64,5,0,48,19,0.394,0.454,0.568,1.022,169,0.452,179,238,20,2,1,5,16,*9/H8
94,John Jaha,28,MIL,AL,-0.2,84,338,291,45,70,14,0,12,39,3,3,32,75,0.241,0.332,0.412,0.745,88,0.33,84,120,8,10,1,4,3,3D/H
95,Gregg Jefferies#,26,STL,NL,1.9,103,447,397,52,129,27,1,12,55,12,5,45,26,0.325,0.391,0.489,0.88,130,0.384,129,194,9,1,0,4,12,*3/H
96,Kenny Lofton*,27,CLE,AL,7.2,112,523,459,105,160,32,9,12,57,60,12,52,56,0.349,0.412,0.536,0.948,145,0.437,151,246,5,2,4,6,5,*8/H
97,Dave Nilsson*,24,MIL,AL,0.7,109,440,397,51,109,28,3,12,69,1,0,34,61,0.275,0.326,0.451,0.777,95,0.339,87,179,7,0,1,8,9,2D/H3
98,John Olerud*,25,TOR,AL,3.2,108,453,384,47,114,29,2,12,67,1,2,61,53,0.297,0.393,0.477,0.869,124,0.387,126,183,11,3,0,5,12,*3/HD
99,Lou Whitaker*,37,DET,AL,2.5,92,372,322,67,97,21,2,12,43,2,0,41,47,0.301,0.377,0.491,0.867,122,0.381,119,158,8,1,3,5,4,*4H/D
100,Bernie Williams#,25,NYY,AL,3.2,108,475,408,80,118,29,1,12,57,16,9,61,54,0.289,0.384,0.453,0.837,120,0.373,120,185,11,3,1,2,2,*8/H
101,Sean Berry,28,MON,NL,0.5,103,359,320,43,89,19,2,11,41,14,0,32,50,0.278,0.347,0.453,0.8,106,0.357,99,145,7,3,2,2,7,*5/H
102,Wade Boggs*,36,NYY,AL,4.5,97,434,366,61,125,19,1,11,55,2,1,61,29,0.342,0.433,0.489,0.922,142,0.425,155,179,10,1,2,4,3,*5/H3
103,Chad Curtis,25,CAL,AL,2.1,114,506,453,67,116,23,4,11,50,25,11,37,69,0.256,0.317,0.397,0.714,83,0.335,89,180,10,5,7,4,0,*8
104,Shawon Dunston,31,CHC,NL,-0.2,88,356,331,38,92,19,0,11,35,3,8,16,48,0.278,0.313,0.435,0.748,94,0.325,92,144,4,2,5,2,3,*6/H
105,Steve Finley*,29,HOU,NL,2.6,94,417,373,64,103,16,5,11,33,13,7,28,52,0.276,0.329,0.434,0.764,102,0.348,107,162,3,2,13,1,0,*8/H
106,Mike Greenwell*,30,BOS,AL,0.3,95,374,327,60,88,25,1,11,45,2,2,38,26,0.269,0.348,0.453,0.8,102,0.35,96,148,12,4,0,5,6,*7/HD
107,Marquis Grissom,27,MON,NL,5.1,110,521,475,96,137,25,4,11,45,36,6,41,66,0.288,0.344,0.427,0.771,99,0.371,109,203,10,1,0,4,4,*8/H
108,Félix José#,29,KCR,AL,0.8,99,403,366,56,111,28,1,11,55,10,12,35,75,0.303,0.362,0.475,0.838,112,0.362,112,174,9,0,0,2,6,*9/H
109,Ron Karkovice,30,CHW,AL,1.1,77,248,207,33,44,9,1,11,29,0,3,36,68,0.213,0.325,0.425,0.75,94,0.328,91,88,0,0,2,3,2,*2H
110,Pedro Muñoz,25,MIN,AL,0.6,75,268,244,35,72,15,2,11,36,0,0,19,67,0.295,0.348,0.508,0.857,118,0.383,121,124,4,2,0,2,0,79D/H
111,Gerónimo Peña#,27,STL,NL,1.6,83,248,213,33,54,13,1,11,34,9,1,24,54,0.254,0.344,0.479,0.823,114,0.365,110,102,3,6,4,1,1,4H/5
112,Chris Sabo,32,BAL,AL,-0.2,68,288,258,41,66,15,3,11,42,1,1,20,38,0.256,0.32,0.465,0.786,96,0.356,99,120,8,5,4,1,2,59D/7H
113,Benito Santiago,29,FLA,NL,1.4,101,369,337,35,92,14,2,11,41,1,2,25,57,0.273,0.322,0.424,0.746,91,0.326,85,143,11,1,2,4,1,*2H
114,Ed Sprague,26,TOR,AL,-0.5,109,445,405,38,97,19,1,11,44,1,0,23,95,0.24,0.296,0.373,0.669,72,0.309,71,151,11,11,2,4,1,*5/3
115,Terry Steinbach,32,OAK,AL,3.1,103,403,369,51,105,21,2,11,57,2,1,26,62,0.285,0.327,0.442,0.768,104,0.342,103,163,10,0,1,6,4,*2/3D
116,José Valentín#,24,MIL,AL,2.5,97,331,285,47,68,19,0,11,46,12,3,38,75,0.239,0.33,0.421,0.751,90,0.344,88,120,1,2,4,2,1,*64/H5D
117,Eddie Williams,29,SDP,NL,0.8,49,196,175,32,58,11,1,11,42,0,1,15,26,0.331,0.392,0.594,0.986,156,0.419,157,104,10,3,2,1,1,3/H5
118,Eric Anthony*,26,SEA,AL,-0.8,79,288,262,31,62,14,1,10,30,6,2,23,66,0.237,0.297,0.412,0.709,80,0.312,71,108,7,0,2,1,4,7H9/8D
119,Tom Brunansky,33,2TM,AL,0,64,233,205,24,48,12,1,10,34,0,2,24,57,0.234,0.309,0.449,0.758,90,0.336,89,92,3,0,0,4,1,97/H3D
119,Tom Brunansky,33,MIL,AL,-0.2,16,29,28,2,6,2,0,0,0,0,0,1,9,0.214,0.241,0.286,0.527,34,0.268,40,8,1,0,0,0,0,/H93D
119,Tom Brunansky,33,BOS,AL,0.2,48,204,177,22,42,10,1,10,34,0,2,23,48,0.237,0.319,0.475,0.793,98,0.346,96,84,2,0,0,4,1,97/3D
120,Dave Clark*,31,PIT,NL,1.2,86,249,223,37,66,11,1,10,46,2,2,22,48,0.296,0.355,0.489,0.844,117,0.372,118,109,5,0,1,3,0,9H/7
121,Darrin Fletcher*,27,MON,NL,0.5,94,325,285,28,74,18,1,10,57,0,0,25,23,0.26,0.314,0.435,0.749,92,0.318,78,124,6,3,0,12,4,*2H
122,Rusty Greer*,25,TEX,AL,1.5,80,331,277,36,87,16,1,10,46,0,0,46,46,0.314,0.41,0.487,0.898,132,0.397,133,135,3,2,2,4,2,987/3H
123,Charlie Hayes,29,COL,NL,0.8,113,463,423,46,122,23,4,10,50,3,6,36,71,0.288,0.348,0.433,0.78,90,0.349,90,183,11,3,0,1,4,*5/H
124,Glenallen Hill,29,CHC,NL,1.1,89,299,269,48,80,12,1,10,38,19,6,29,57,0.297,0.365,0.461,0.826,115,0.381,122,124,5,0,0,1,0,*87H/9
125,Kent Hrbek*,34,MIN,AL,-0.2,81,317,274,34,74,11,0,10,53,0,0,37,28,0.27,0.353,0.42,0.773,99,0.342,94,115,8,1,0,5,6,3H/D
126,Darrin Jackson,30,CHW,AL,2.7,104,403,369,43,115,17,3,10,51,7,1,27,56,0.312,0.362,0.455,0.817,112,0.372,114,168,5,3,2,2,3,*98/H
127,Stan Javier#,30,OAK,AL,3.5,109,480,419,75,114,23,0,10,44,24,7,49,76,0.272,0.349,0.399,0.747,101,0.354,110,167,7,2,7,3,1,*87/H359
128,Howard Johnson#,33,COL,NL,-0.7,93,269,227,30,48,10,2,10,40,11,3,39,73,0.211,0.323,0.405,0.729,77,0.325,67,92,2,0,0,3,2,7H/3
129,Matt Mieske,26,MIL,AL,0.5,84,286,259,39,67,13,1,10,38,3,5,21,62,0.259,0.32,0.432,0.753,89,0.33,86,112,6,3,2,1,0,*9/7HD
130,Hal Morris*,29,CIN,NL,2.2,112,483,436,60,146,30,4,10,78,6,2,34,62,0.335,0.385,0.491,0.875,128,0.391,133,214,16,5,2,6,8,*3/H
131,Tim Raines#,34,CHW,AL,1.8,101,453,384,80,102,15,5,10,52,13,0,61,43,0.266,0.365,0.409,0.774,102,0.359,103,157,10,1,4,3,3,*7/H
132,David Segui#,27,NYM,NL,-0.9,92,375,336,46,81,17,1,10,43,0,0,33,43,0.241,0.308,0.387,0.695,81,0.31,74,130,6,1,1,3,6,*37/9H
133,Dave Winfield,42,MIN,AL,0.1,77,328,294,35,74,15,3,10,43,2,1,31,51,0.252,0.321,0.425,0.746,91,0.338,91,125,7,0,1,2,5,*D/9
134,Kurt Abbott,25,FLA,NL,0.1,101,371,345,41,86,17,3,9,33,3,0,16,98,0.249,0.291,0.394,0.685,76,0.307,68,136,5,5,3,2,1,*6/H
135,Jay Bell,28,PIT,NL,3.4,110,487,424,68,117,35,4,9,45,2,0,49,82,0.276,0.353,0.441,0.794,105,0.36,108,187,15,3,8,3,1,*6/H
136,Todd Benzinger#,31,SFG,NL,-0.6,107,352,328,32,87,13,2,9,31,2,1,17,84,0.265,0.304,0.399,0.703,87,0.315,84,131,3,2,3,2,4,*3H
137,Mike Blowers,29,SEA,AL,1,85,300,270,37,78,13,0,9,49,2,2,25,60,0.289,0.348,0.437,0.785,101,0.363,108,118,12,1,1,3,2,53H/7D9
138,Andújar Cedeño,24,HOU,NL,0.4,98,380,342,38,90,26,0,9,49,1,1,29,79,0.263,0.334,0.418,0.752,100,0.328,92,143,5,8,0,1,15,*6/H
139,Carlos Delgado*,22,TOR,AL,-0.6,43,159,130,17,28,2,0,9,24,1,1,25,46,0.215,0.352,0.438,0.791,103,0.346,98,57,5,3,0,1,4,7/H2
140,Mike Devereaux,31,BAL,AL,-1.3,85,330,301,35,61,8,2,9,33,1,2,22,72,0.203,0.256,0.332,0.588,48,0.269,41,100,6,1,2,4,0,*8/HD
141,Barry Larkin,30,CIN,NL,4,110,501,427,78,119,23,5,9,52,26,2,64,58,0.279,0.369,0.419,0.788,107,0.368,108,179,6,0,5,5,3,*6/H
142,Al Martin*,26,PIT,NL,1.4,82,313,276,48,79,12,4,9,33,15,6,34,56,0.286,0.367,0.457,0.824,113,0.368,113,126,3,2,0,1,3,*78/H
143,Mark McGwire,30,OAK,AL,1.5,47,172,135,26,34,3,0,9,25,0,0,37,40,0.252,0.413,0.474,0.887,138,0.412,152,64,3,0,0,0,3,3/DH
144,Orlando Merced#,27,PIT,NL,0.6,108,432,386,48,105,21,3,9,51,4,1,42,58,0.272,0.343,0.412,0.755,96,0.339,93,159,17,1,0,2,5,93/H
145,Rich Rowland,30,BOS,AL,0.3,46,129,118,14,27,3,0,9,20,0,0,11,35,0.229,0.295,0.483,0.778,94,0.332,83,57,2,0,0,0,0,2/HD3
146,Scott Servais,27,HOU,NL,-0.6,78,275,251,27,49,15,1,9,41,0,0,10,44,0.195,0.235,0.371,0.606,59,0.283,59,93,6,4,7,3,0,*2
147,John Valentin,27,BOS,AL,4.3,84,355,301,53,95,26,2,9,49,3,1,42,38,0.316,0.4,0.505,0.905,129,0.406,133,152,3,3,5,4,1,*6/DH
148,Randy Velarde,31,NYY,AL,1.1,77,310,280,47,78,16,1,9,34,4,2,22,61,0.279,0.338,0.439,0.777,103,0.353,106,123,7,4,2,2,0,65/74H9
149,Turner Ward#,29,MIL,AL,1.5,102,427,367,55,85,15,2,9,45,6,2,52,68,0.232,0.328,0.357,0.685,74,0.313,69,131,9,3,0,5,4,*879/H5
150,Roberto Kelly,29,2TM,NL,1.3,110,476,434,73,127,23,3,9,45,19,11,35,71,0.293,0.347,0.422,0.769,99,0.349,102,183,8,3,0,3,1,*8
150,Roberto Kelly,29,CIN,NL,0.6,47,195,179,29,54,8,0,3,21,9,8,11,35,0.302,0.351,0.397,0.747,96,0.332,97,71,3,3,0,1,1,8
150,Roberto Kelly,29,ATL,NL,0.6,63,281,255,44,73,15,3,6,24,10,3,24,36,0.286,0.345,0.439,0.784,102,0.361,106,112,5,0,0,2,0,8
151,Roberto Alomar#,26,TOR,AL,2.3,107,455,392,78,120,25,4,8,38,19,8,51,41,0.306,0.386,0.452,0.838,116,0.388,125,177,14,2,7,3,2,*4/H
152,Brett Butler*,37,LAD,NL,3.4,111,496,417,79,131,13,9,8,33,27,8,68,52,0.314,0.411,0.446,0.857,130,0.396,138,186,2,2,7,2,0,*8
153,Mariano Duncan,31,PHI,NL,0.5,88,374,347,49,93,22,1,8,48,10,2,17,72,0.268,0.306,0.406,0.713,83,0.325,80,141,10,4,2,4,1,456/3H
154,Tony Fernández#,32,CIN,NL,1.6,104,422,366,50,102,18,6,8,50,12,7,44,40,0.279,0.361,0.426,0.787,106,0.353,106,156,5,5,4,3,8,*5/64H
155,Chris Gomez,23,DET,AL,-0.5,84,336,296,32,76,19,0,8,53,5,3,33,64,0.257,0.336,0.402,0.738,90,0.329,86,119,8,3,3,1,0,64/H
156,Luis Gonzalez*,26,HOU,NL,1.6,112,450,392,57,107,29,4,8,67,15,13,49,57,0.273,0.353,0.429,0.782,108,0.342,107,168,10,3,0,6,6,*7/H
157,Jeffrey Hammonds,23,BAL,AL,1.1,68,274,250,45,74,18,2,8,31,5,0,17,39,0.296,0.339,0.48,0.819,105,0.366,102,120,3,2,0,5,1,9/7H
158,Rex Hudler,33,CAL,AL,0.8,56,136,124,17,37,8,0,8,20,2,2,6,28,0.298,0.326,0.556,0.882,123,0.366,113,69,7,0,4,2,0,47H/5D3
159,Reggie Jefferson#,25,SEA,AL,1.1,63,181,162,24,53,11,0,8,32,0,0,17,32,0.327,0.392,0.543,0.935,138,0.401,133,88,6,1,0,1,5,DH3/7
160,Ricky Jordan,29,PHI,NL,0.9,72,228,220,29,62,14,2,8,37,0,0,6,32,0.282,0.303,0.473,0.775,97,0.352,102,104,7,1,0,1,1,3H
161,Wally Joyner*,32,KCR,AL,1.4,97,417,363,52,113,20,3,8,57,3,2,47,43,0.311,0.386,0.449,0.835,113,0.378,116,163,12,0,2,5,3,*3D
162,Derrick May*,25,CHC,NL,0.8,100,378,345,43,98,19,2,8,51,3,2,30,34,0.284,0.34,0.42,0.76,98,0.348,103,145,11,0,1,2,4,*7H
163,Charlie O'Brien,34,ATL,NL,0.8,51,172,152,24,37,11,0,8,28,0,0,15,24,0.243,0.322,0.474,0.795,103,0.347,98,72,5,3,1,1,2,2/H
164,Joe Orsulak*,32,NYM,NL,-1.4,96,318,292,39,76,3,0,8,42,4,2,16,21,0.26,0.299,0.353,0.651,70,0.295,64,103,11,3,0,7,2,*97H8/3
165,Karl Rhodes*,25,CHC,NL,0.5,95,308,269,39,63,17,0,8,19,6,4,33,64,0.234,0.318,0.387,0.705,84,0.324,86,104,1,1,3,2,1,*8H7/9
166,Henry Rodríguez*,26,LAD,NL,-1.3,104,330,306,33,82,14,2,8,49,0,1,17,58,0.268,0.307,0.405,0.712,89,0.319,88,124,9,2,1,4,2,*73H/9
167,Terry Shumpert,27,KCR,AL,-0.2,64,202,183,28,44,6,2,8,24,18,3,13,39,0.24,0.289,0.426,0.716,80,0.322,68,78,0,0,5,1,0,45/HD6
168,J.T. Snow*,26,CAL,AL,-1.3,61,248,223,22,49,4,0,8,30,0,1,19,48,0.22,0.289,0.345,0.634,63,0.285,56,77,2,3,2,1,1,3
169,Ed Taubensee*,25,2TM,NL,0.9,66,205,187,29,53,8,2,8,21,2,0,15,31,0.283,0.333,0.476,0.809,110,0.359,108,89,3,0,1,2,2,2/H
169,Ed Taubensee*,25,HOU,NL,-0.2,5,10,10,0,1,0,0,0,0,0,0,0,3,0.1,0.1,0.1,0.2,-46,0.09,-78,1,1,0,0,0,0,/2H
169,Ed Taubensee*,25,CIN,NL,1.1,61,195,177,29,52,8,2,8,21,2,0,15,28,0.294,0.345,0.497,0.843,118,0.373,118,88,2,0,1,2,2,2/H
170,Alan Trammell,36,DET,AL,0,76,311,292,38,78,17,1,8,28,3,0,16,35,0.267,0.307,0.414,0.722,85,0.33,84,121,8,1,2,0,1,6D/H
171,Dwight Smith*,30,2TM,AL,0.1,73,210,196,31,55,7,2,8,30,2,4,12,37,0.281,0.324,0.459,0.783,98,0.339,95,90,3,1,0,1,1,7H/D89
171,Dwight Smith*,30,CAL,AL,-0.1,45,130,122,19,32,5,1,5,18,2,3,7,20,0.262,0.3,0.443,0.743,89,0.326,89,54,1,0,0,1,0,7H/D
171,Dwight Smith*,30,BAL,AL,0.2,28,80,74,12,23,2,1,3,12,0,1,5,17,0.311,0.363,0.486,0.849,113,0.36,106,36,2,1,0,0,1,7/HD89
172,Brad Ausmus,25,SDP,NL,0.5,101,366,327,45,82,12,1,7,24,5,1,30,63,0.251,0.314,0.358,0.672,77,0.306,71,117,8,1,6,2,12,*2/H3
173,Rico Brogna*,24,NYM,NL,1.2,39,138,131,16,46,11,2,7,20,1,0,6,29,0.351,0.38,0.626,1.006,158,0.444,170,82,2,0,1,0,0,3/H
174,Greg Gagne,32,KCR,AL,1,107,409,375,39,97,23,3,7,51,10,17,27,79,0.259,0.314,0.392,0.706,79,0.306,78,147,8,4,2,1,0,*6/H
175,Chris James,31,TEX,AL,1.2,52,159,133,28,34,8,4,7,19,0,0,20,38,0.256,0.361,0.534,0.895,129,0.393,129,71,3,3,1,2,0,9H/7
176,Randy Knorr,25,TOR,AL,-0.1,40,136,124,20,30,2,0,7,19,0,0,10,35,0.242,0.301,0.427,0.729,86,0.324,82,53,7,1,0,1,0,2/H
177,Jim Lindeman,32,NYM,NL,0.4,52,145,137,18,37,8,1,7,20,0,0,6,35,0.27,0.303,0.496,0.8,105,0.35,103,68,0,1,0,1,2,7H9/3
178,Tim Naehring,27,BOS,AL,2.1,80,339,297,41,82,18,1,7,42,1,3,30,56,0.276,0.349,0.414,0.764,94,0.361,106,123,11,4,7,1,1,45/36DH
179,Matt Nokes*,30,NYY,AL,0.5,28,85,79,11,23,3,0,7,19,0,0,5,16,0.291,0.329,0.595,0.924,137,0.385,127,47,1,0,0,1,0,2/HD3
180,Tom Pagnozzi,31,STL,NL,1.5,70,266,243,21,66,12,1,7,40,0,0,21,39,0.272,0.327,0.416,0.743,94,0.327,88,101,3,0,0,2,5,3-Feb
181,Terry Pendleton#,33,ATL,NL,0.1,77,324,309,25,78,18,3,7,30,2,0,12,57,0.252,0.28,0.398,0.678,73,0.305,67,123,8,0,3,0,3,*5
182,Rick Wilkins*,27,CHC,NL,1.5,100,358,313,44,71,25,2,7,39,4,3,40,86,0.227,0.317,0.387,0.703,83,0.327,88,121,3,2,1,2,5,*2H/3
183,Eric Young Sr.,27,COL,NL,0.7,90,275,228,37,62,13,1,7,30,18,7,38,17,0.272,0.378,0.43,0.808,98,0.377,105,98,3,2,5,2,1,7H/4
184,Kevin Bass#,35,HOU,NL,1.4,82,235,203,37,63,15,1,6,35,2,3,28,24,0.31,0.393,0.483,0.876,133,0.376,130,98,5,1,1,2,6,9H7
185,Damon Berryhill#,30,BOS,AL,0.1,82,276,255,30,67,17,2,6,34,0,1,19,59,0.263,0.312,0.416,0.727,83,0.33,83,106,6,0,0,2,0,2H/D
186,Craig Biggio,28,HOU,NL,4.6,114,511,437,88,139,44,5,6,56,39,4,62,58,0.318,0.411,0.483,0.893,138,0.422,148,211,5,8,2,2,1,*4/H
187,Jeff Blauser,28,ATL,NL,2.1,96,434,380,56,98,21,4,6,45,1,3,38,64,0.258,0.329,0.382,0.71,84,0.333,90,145,11,5,5,6,0,*6
188,Jeff Branson*,27,CIN,NL,0.5,58,116,109,18,31,4,1,6,16,0,0,5,16,0.284,0.316,0.505,0.82,111,0.347,101,55,4,0,2,0,2,H45/63
189,Greg Colbrunn,24,FLA,NL,1,47,168,155,17,47,10,0,6,31,1,1,9,27,0.303,0.345,0.484,0.829,112,0.375,119,75,3,2,0,2,0,3/H
190,Damion Easley,24,CAL,AL,-0.4,88,355,316,41,68,16,1,6,30,4,5,29,48,0.215,0.288,0.329,0.617,59,0.291,62,104,8,4,4,2,0,54/H
191,Mike Gallego,33,NYY,AL,2.4,89,357,306,39,73,17,1,6,41,0,1,38,46,0.239,0.327,0.359,0.686,81,0.325,87,110,4,4,5,4,1,64
192,Carlos García,26,PIT,NL,0.8,98,434,412,49,114,15,2,6,28,18,9,16,67,0.277,0.309,0.367,0.676,75,0.311,74,151,6,4,1,1,2,*4
193,Bernard Gilkey,27,STL,NL,0.9,105,431,380,52,96,22,1,6,45,15,8,39,65,0.253,0.336,0.363,0.7,85,0.332,92,138,6,10,0,2,2,*7/H
194,Mark Grace*,30,CHC,NL,2,106,454,403,55,120,23,3,6,44,0,1,48,41,0.298,0.37,0.414,0.784,106,0.36,111,167,10,0,0,3,5,*3/H
195,Rickey Henderson,35,OAK,AL,3.5,87,376,296,66,77,13,0,6,20,22,7,72,45,0.26,0.411,0.365,0.776,111,0.382,129,108,0,5,1,2,1,7D8/H
196,Don Mattingly*,33,NYY,AL,2.3,97,436,372,62,113,20,1,6,51,0,0,60,24,0.304,0.397,0.411,0.808,113,0.37,117,153,8,0,0,4,7,*3/H
197,José Oliva,23,ATL,NL,0.7,19,66,59,9,17,5,0,6,11,0,1,7,10,0.288,0.364,0.678,1.042,162,0.429,162,40,2,0,0,0,0,5/H
198,Greg Pirkl,23,SEA,AL,0.3,19,56,53,7,14,3,0,6,11,0,0,1,12,0.264,0.286,0.66,0.946,134,0.376,116,35,1,1,0,1,1,D/3H
199,Cory Snyder,31,LAD,NL,-1.2,73,171,153,18,36,6,0,6,18,1,0,14,47,0.235,0.3,0.392,0.692,84,0.303,73,60,5,1,1,2,4,7H9/3564
200,Luis Sojo,29,SEA,AL,1.1,63,227,213,32,59,9,2,6,22,2,1,8,25,0.277,0.308,0.423,0.731,86,0.327,82,90,2,2,3,1,0,46/HD5
201,Andy Van Slyke*,33,PIT,NL,0.5,105,431,374,41,92,18,3,6,30,7,0,52,72,0.246,0.34,0.358,0.698,82,0.326,81,134,9,2,0,2,7,*8/H
202,Eddie Zambrano,28,CHC,NL,0.9,67,133,116,17,30,7,0,6,18,2,1,16,29,0.259,0.353,0.474,0.828,115,0.377,123,55,3,1,0,0,0,H9/375
203,Wes Chamberlain,28,2TM,2LG,-0.4,75,248,233,20,61,14,1,6,26,0,2,15,50,0.262,0.306,0.408,0.714,81,0.318,77,95,9,0,0,0,2,9HD
203,Wes Chamberlain,28,PHI,NL,0.1,24,72,69,7,19,5,0,2,6,0,0,3,12,0.275,0.306,0.435,0.74,89,0.336,90,30,3,0,0,0,0,9/H
203,Wes Chamberlain,28,BOS,AL,-0.5,51,176,164,13,42,9,1,4,20,0,2,12,38,0.256,0.307,0.396,0.703,77,0.31,72,65,6,0,0,0,2,9D/H
204,Luis Alicea#,28,STL,NL,1.1,88,242,205,32,57,12,5,5,29,4,5,30,38,0.278,0.373,0.459,0.832,118,0.354,112,94,1,3,1,3,4,4H/7
205,Bret Barberie#,26,FLA,NL,1.4,107,406,372,40,112,20,2,5,31,2,0,23,65,0.301,0.356,0.406,0.762,97,0.345,95,151,4,9,2,0,3,*4/H
206,Phil Clark,26,SDP,NL,-0.7,61,160,149,14,32,6,0,5,20,1,2,5,17,0.215,0.25,0.356,0.606,58,0.274,54,53,1,3,0,3,1,3H7/295
207,Orestes Destrade#,32,FLA,NL,-0.4,39,152,130,12,27,4,0,5,15,1,0,19,32,0.208,0.316,0.354,0.67,73,0.316,75,46,2,2,0,1,1,3/H
208,Brian Dorsett,33,CIN,NL,0.1,76,241,216,21,53,8,0,5,26,0,0,21,33,0.245,0.313,0.352,0.664,74,0.287,57,76,10,1,1,2,7,2H/3
209,Lenny Dykstra*,31,PHI,NL,2.3,84,386,315,68,86,26,5,5,24,15,4,68,44,0.273,0.404,0.435,0.839,118,0.377,117,137,3,2,0,1,11,*8/H
210,Jim Edmonds*,24,CAL,AL,1,94,322,289,35,79,13,1,5,37,4,2,30,72,0.273,0.343,0.377,0.72,86,0.324,82,109,3,1,1,1,3,*739/H8
211,Tony Eusebio,27,HOU,NL,1.1,55,174,159,18,47,9,1,5,30,0,1,8,33,0.296,0.32,0.459,0.779,105,0.353,112,73,4,0,2,5,0,2/H
212,Dave Henderson,35,KCR,AL,-0.6,56,218,198,27,49,14,1,5,31,2,0,16,28,0.247,0.304,0.404,0.708,79,0.32,74,80,3,1,1,2,1,79D/8H
213,Thomas Howard#,29,CIN,NL,-0.4,83,192,178,24,47,11,0,5,24,4,2,10,30,0.264,0.302,0.41,0.712,85,0.314,78,73,2,0,3,1,1,7H9/8
214,Brian Jordan,27,STL,NL,1,53,197,178,14,46,8,2,5,15,4,3,16,40,0.258,0.32,0.41,0.73,91,0.333,94,73,6,1,0,2,0,97/8H3
215,Jeff King,29,PIT,NL,0.3,94,378,339,36,89,23,0,5,42,3,2,30,38,0.263,0.316,0.375,0.691,79,0.324,83,127,7,0,2,7,1,*5/H4
216,Wayne Kirby*,30,CLE,AL,0.1,78,207,191,33,56,6,0,5,23,11,4,13,30,0.293,0.341,0.403,0.745,94,0.339,92,77,1,1,2,0,0,9H/78D
217,Chuck Knoblauch,25,MIN,AL,4.1,109,499,445,85,139,45,3,5,51,35,6,41,56,0.312,0.381,0.461,0.841,117,0.392,121,205,13,10,0,3,2,*4/6
218,John Kruk*,33,PHI,NL,1.3,75,301,255,35,77,17,0,5,38,4,1,42,51,0.302,0.395,0.427,0.823,114,0.372,115,109,9,0,0,4,4,3/H
219,Mike Lansing,26,MON,NL,1.5,106,435,394,44,105,21,2,5,35,12,8,30,37,0.266,0.328,0.368,0.696,81,0.318,80,145,10,7,2,2,3,*456/H
220,Candy Maldonado,33,CLE,AL,0,42,111,92,14,18,5,1,5,12,1,1,19,31,0.196,0.333,0.435,0.768,99,0.334,92,40,1,0,0,0,1,DH/7
221,Willie McGee#,35,SFG,NL,0.4,45,176,156,19,44,3,0,5,23,3,0,15,24,0.282,0.337,0.397,0.735,96,0.336,95,62,8,0,1,4,2,9/H
222,Keith Mitchell,24,SEA,AL,0.2,46,149,128,21,29,2,0,5,15,0,0,18,22,0.227,0.324,0.359,0.684,76,0.317,76,46,2,1,1,1,0,79H/D8
223,Eduardo Pérez,24,CAL,AL,-0.5,38,143,129,10,27,7,0,5,16,3,0,12,29,0.209,0.275,0.38,0.654,67,0.296,58,49,5,0,1,1,1,3/H
224,Juan Samuel,33,DET,AL,1.3,59,151,136,32,42,9,5,5,21,5,2,10,26,0.309,0.364,0.559,0.923,134,0.417,144,76,4,3,0,2,0,8HD/437
225,Ryne Sandberg,34,CHC,NL,0.9,57,247,223,36,53,9,5,5,24,2,3,23,40,0.238,0.312,0.39,0.702,83,0.319,84,87,6,1,0,0,0,4
226,Kevin Seitzer,32,MIL,AL,0.8,80,348,309,44,97,24,2,5,49,2,1,30,38,0.314,0.375,0.453,0.828,110,0.371,109,140,7,2,4,3,1,53/DH
227,Doug Strange#,30,TEX,AL,-0.1,73,250,226,26,48,12,1,5,26,1,3,15,38,0.212,0.268,0.341,0.609,57,0.269,48,77,6,3,4,2,0,4H5/79
228,B.J. Surhoff*,29,MIL,AL,0.4,40,154,134,20,35,11,2,5,22,0,1,16,14,0.261,0.336,0.485,0.821,106,0.355,101,65,5,0,2,2,0,52/39DH
229,Tony Tarasco*,23,ATL,NL,-0.2,87,144,132,16,36,6,0,5,19,5,0,9,17,0.273,0.313,0.432,0.744,91,0.335,84,57,5,0,0,3,1,H79
230,John Vander Wal*,28,COL,NL,0.4,91,127,110,12,27,3,1,5,15,2,1,16,31,0.245,0.339,0.427,0.766,86,0.339,80,47,4,0,0,1,0,H3/79
231,Matt Walbeck#,24,MIN,AL,-0.7,97,359,338,31,69,12,0,5,35,1,1,17,37,0.204,0.246,0.284,0.53,37,0.248,30,96,7,2,1,1,1,*2/HD
232,Lenny Webster,29,MON,NL,0.8,57,166,143,13,39,10,0,5,23,0,0,16,24,0.273,0.37,0.448,0.817,112,0.368,114,64,7,6,1,0,1,2H
233,Mike Aldrete*,33,OAK,AL,0.3,76,201,178,23,43,5,0,4,18,2,0,20,35,0.242,0.313,0.337,0.651,75,0.314,83,60,2,0,0,3,1,H379/D
234,Rich Amaral,32,SEA,AL,-0.3,77,262,228,37,60,10,2,4,18,5,1,24,28,0.263,0.333,0.377,0.711,83,0.328,81,86,3,1,7,2,1,4H7/6D38
235,Danny Bautista,22,DET,AL,0.2,31,102,99,12,23,4,1,4,15,1,2,3,18,0.232,0.255,0.414,0.669,69,0.296,68,41,3,0,0,0,0,98/HD
236,Daryl Boston*,31,NYY,AL,-0.6,52,84,77,11,14,2,0,4,14,0,1,6,20,0.182,0.25,0.364,0.614,59,0.263,49,28,0,1,0,0,0,H/D789
237,Jacob Brumfield,29,CIN,NL,1,68,141,122,36,38,10,2,4,11,6,3,15,18,0.311,0.381,0.525,0.906,135,0.39,133,64,3,0,2,2,0,H87/9
238,Archi Cianfrocco,27,SDP,NL,-0.2,59,157,146,9,32,8,0,4,13,2,0,3,39,0.219,0.252,0.356,0.608,59,0.269,45,52,2,4,1,2,0,5H3/6
239,Alex Cole*,28,MIN,AL,1.7,105,398,345,68,102,15,5,4,23,29,8,44,60,0.296,0.375,0.403,0.778,102,0.358,100,139,3,1,6,2,2,*8H7/D
240,Darnell Coles,32,TOR,AL,-0.3,48,156,143,15,30,6,1,4,15,0,0,10,25,0.21,0.263,0.35,0.612,57,0.27,45,50,2,1,0,2,0,73/59HD
241,Jim Eisenreich*,35,PHI,NL,1.4,104,329,290,42,87,15,4,4,43,6,2,33,31,0.3,0.371,0.421,0.792,105,0.363,108,122,8,1,3,2,3,*9H/8
242,Cliff Floyd*,21,MON,NL,0.2,100,366,334,43,94,19,4,4,41,10,3,24,63,0.281,0.332,0.398,0.731,89,0.332,86,133,3,3,2,3,0,*37/9H
243,Joe Girardi,29,COL,NL,0.7,93,361,330,47,91,9,4,4,34,3,3,21,48,0.276,0.321,0.364,0.685,68,0.337,79,120,13,2,6,2,1,*2/H
244,Brian Harper,34,MIL,AL,-0.4,64,267,251,23,73,15,0,4,32,0,2,9,18,0.291,0.318,0.398,0.717,81,0.321,78,100,8,3,0,4,1,D2/97H
245,Dave Hollins#,28,PHI,NL,-0.7,44,192,162,28,36,7,1,4,26,1,0,23,32,0.222,0.328,0.352,0.68,77,0.325,82,57,6,4,0,3,0,9-May
246,Mike Kingery*,33,COL,NL,1.5,105,346,301,56,105,27,8,4,41,5,7,30,26,0.349,0.402,0.532,0.933,126,0.401,129,160,8,2,5,8,2,*87H/93
247,Darren Lewis,26,SFG,NL,1.3,114,513,451,70,116,15,9,4,29,30,13,53,50,0.257,0.34,0.357,0.697,87,0.334,96,161,6,4,4,1,0,*8/H
248,Dave Martinez*,29,SFG,NL,-0.5,97,260,235,23,58,9,3,4,27,3,4,21,22,0.247,0.314,0.362,0.676,81,0.304,79,85,6,2,2,0,1,9H3/78
249,Lloyd McClendon,35,PIT,NL,-0.3,51,97,92,9,22,4,0,4,12,0,1,4,11,0.239,0.278,0.413,0.691,77,0.297,67,38,1,1,0,0,0,H7/93
250,Brian McRae#,26,KCR,AL,1,114,505,436,71,119,22,6,4,40,28,8,54,67,0.273,0.359,0.378,0.737,89,0.347,91,165,3,6,6,3,3,*8/DH
251,Kevin McReynolds,34,NYM,NL,0.3,51,201,180,23,46,11,2,4,21,2,0,20,34,0.256,0.328,0.406,0.734,91,0.331,88,73,2,0,0,1,1,7/H
252,Roberto Mejía,22,COL,NL,0.1,38,132,116,11,28,8,1,4,14,3,1,15,33,0.241,0.326,0.431,0.757,83,0.343,81,50,1,0,0,1,2,4/H
253,Kevin Roberson#,26,CHC,NL,0.1,44,59,55,8,12,4,0,4,9,0,0,2,14,0.218,0.271,0.509,0.78,99,0.364,113,28,3,2,0,0,0,H/9
254,Deion Sanders*,26,2TM,NL,1.3,92,414,375,58,106,17,4,4,28,38,16,32,63,0.283,0.342,0.381,0.724,89,0.331,86,143,5,3,2,2,1,*8/H
254,Deion Sanders*,26,ATL,NL,1.1,46,211,191,32,55,10,0,4,21,19,7,16,28,0.288,0.343,0.403,0.746,93,0.339,89,77,4,1,1,2,1,8/H
254,Deion Sanders*,26,CIN,NL,0.3,46,203,184,26,51,7,4,0,7,19,9,16,35,0.277,0.342,0.359,0.7,84,0.322,83,66,1,2,1,0,0,8/H
255,Dick Schofield,31,TOR,AL,0,95,373,325,38,83,14,1,4,32,7,7,34,62,0.255,0.332,0.342,0.673,75,0.311,76,111,2,4,8,2,0,*6
256,Craig Shipley,31,SDP,NL,1,81,258,240,32,80,14,4,4,30,6,6,9,28,0.333,0.362,0.475,0.837,119,0.383,134,114,3,3,4,2,1,5H64/378
257,Dave Staton,26,SDP,NL,-0.1,29,76,66,6,12,2,0,4,6,0,0,10,18,0.182,0.289,0.394,0.683,79,0.316,81,26,3,0,0,0,0,3/H
258,Darryl Strawberry*,32,SFG,NL,-0.2,29,113,92,13,22,3,1,4,17,0,3,19,22,0.239,0.363,0.424,0.787,110,0.34,112,39,2,0,0,2,4,9/H
259,Mitch Webster#,35,LAD,NL,0.1,82,93,84,16,23,4,0,4,12,1,2,8,13,0.274,0.344,0.464,0.808,114,0.353,117,39,2,1,0,0,1,H7/9
260,Gerald Williams,27,NYY,AL,0.3,57,91,86,19,25,8,0,4,13,1,3,4,17,0.291,0.319,0.523,0.842,117,0.372,128,45,6,0,0,1,0,7H9/8D
261,Milt Thompson*,35,2TM,NL,0.1,96,270,241,34,66,7,0,4,33,9,2,24,30,0.274,0.346,0.353,0.698,82,0.32,76,85,6,3,1,1,4,*7H8/9
261,Milt Thompson*,35,PHI,NL,-0.2,87,248,220,29,60,7,0,3,30,7,2,23,28,0.273,0.348,0.345,0.694,81,0.318,75,76,5,3,1,1,4,*7H8
261,Milt Thompson*,35,HOU,NL,0.3,9,22,21,5,6,0,0,1,3,2,0,1,2,0.286,0.318,0.429,0.747,97,0.351,92,9,1,0,0,0,0,/9H
262,Pat Borders,31,TOR,AL,-0.3,85,311,295,24,73,13,1,3,26,1,1,15,50,0.247,0.284,0.329,0.613,58,0.286,56,97,7,0,1,0,0,*2
263,Jerry Browne#,28,FLA,NL,2.4,101,388,329,42,97,17,4,3,30,3,0,52,23,0.295,0.392,0.398,0.79,106,0.367,111,131,5,2,3,2,3,574H/89
264,Jeromy Burnitz*,25,NYM,NL,-0.7,45,168,143,26,34,4,0,3,15,1,1,23,45,0.238,0.347,0.329,0.676,79,0.324,86,47,2,1,1,0,0,9/H
265,Mark Carreon,30,SFG,NL,0.3,51,111,100,8,27,4,0,3,20,0,0,7,20,0.27,0.324,0.4,0.724,93,0.345,105,40,1,2,0,2,0,9H7
266,Vinny Castilla,26,COL,NL,-0.1,52,141,130,16,43,11,1,3,18,2,1,7,23,0.331,0.357,0.5,0.857,107,0.373,104,65,3,0,1,3,1,64H/53
267,Jeff Cirillo,24,MIL,AL,0.6,39,139,126,17,30,9,0,3,12,0,1,11,16,0.238,0.309,0.381,0.69,75,0.312,72,48,4,2,0,0,0,5/H4
268,Royce Clayton,24,SFG,NL,2.8,108,423,385,38,91,14,6,3,30,23,3,30,74,0.236,0.295,0.327,0.623,67,0.308,72,126,7,3,3,2,2,*6/H
269,Eric Davis,32,DET,AL,-0.3,37,138,120,19,22,4,0,3,13,5,0,18,45,0.183,0.29,0.292,0.582,51,0.287,51,35,4,0,0,0,0,8/H
270,Gary Disarcina,26,CAL,AL,1.4,112,421,389,53,101,14,2,3,33,3,7,18,28,0.26,0.294,0.329,0.623,61,0.291,63,128,10,2,10,2,0,*6/H
271,Chris Donnels*,28,HOU,NL,0.5,54,99,86,12,23,5,0,3,5,1,0,13,18,0.267,0.364,0.43,0.794,111,0.366,117,37,1,0,0,0,0,H5/34
272,Scott Fletcher,35,BOS,AL,0.9,63,206,185,31,42,9,1,3,11,8,1,16,14,0.227,0.296,0.335,0.631,60,0.313,65,62,7,2,3,0,1,4H/D
273,Tom Foley*,34,PIT,NL,1.1,59,137,123,13,29,7,0,3,15,0,0,13,18,0.236,0.307,0.366,0.672,74,0.315,76,45,1,0,0,1,2,H45/63
274,Chris Gwynn*,29,LAD,NL,-0.4,58,78,71,9,19,0,0,3,13,0,2,7,7,0.268,0.333,0.394,0.728,94,0.313,92,28,1,0,0,0,0,H7/9
275,Scott Hemond,28,OAK,AL,0.2,91,216,198,23,44,11,0,3,20,7,6,16,51,0.222,0.28,0.323,0.604,62,0.279,65,64,5,0,2,0,0,24H5/3D79
276,Mike Huff,30,TOR,AL,1.4,80,237,207,31,63,15,3,3,25,2,1,27,27,0.304,0.392,0.449,0.842,117,0.385,123,93,6,3,0,0,2,78H/9
277,Garey Ingram,23,LAD,NL,0.2,26,86,78,10,22,1,0,3,8,0,0,7,22,0.282,0.341,0.41,0.751,101,0.333,96,32,3,0,1,0,3,4/H
278,Brian Johnson,26,SDP,NL,0.1,36,101,93,7,23,4,1,3,16,0,0,5,21,0.247,0.283,0.409,0.691,80,0.328,89,38,4,0,2,1,0,2H/3
279,Lance Johnson*,30,CHW,AL,1.7,106,443,412,56,114,11,14,3,54,26,6,26,23,0.277,0.321,0.393,0.714,85,0.33,83,162,8,2,0,3,5,*8/HD
280,Pat Kelly,26,NYY,AL,0.8,93,329,286,35,80,21,2,3,41,6,5,19,51,0.28,0.33,0.399,0.729,91,0.321,85,114,10,5,14,5,1,*4/H
281,Mark Lemke#,28,ATL,NL,0.7,104,394,350,40,103,15,0,3,31,0,3,38,37,0.294,0.363,0.363,0.726,89,0.322,82,127,11,0,6,0,12,*4/H
282,Nelson Liriano#,30,COL,NL,0.7,87,303,255,39,65,17,5,3,31,0,2,42,44,0.255,0.357,0.396,0.753,84,0.337,80,101,4,0,3,3,5,*4/H65
283,Mark McLemore#,29,BAL,AL,1.3,104,400,343,44,88,11,1,3,29,20,5,51,50,0.257,0.354,0.321,0.674,73,0.332,79,110,7,1,4,1,3,*4/9HD
284,Spike Owen#,33,CAL,AL,1.8,82,321,268,30,83,17,2,3,37,2,8,49,17,0.31,0.418,0.422,0.84,118,0.38,128,113,4,1,3,0,0,5/63HD4
285,Mark Parent,32,CHC,NL,0.7,44,116,99,8,26,4,0,3,16,0,1,13,24,0.263,0.348,0.394,0.742,94,0.348,105,39,5,1,1,2,1,2/H
286,Lance Parrish,38,PIT,NL,0.2,40,147,126,10,34,5,0,3,16,1,1,18,28,0.27,0.363,0.381,0.744,94,0.346,100,48,5,1,1,1,1,2/H3
287,John Patterson#,27,SFG,NL,1.3,85,274,240,36,57,10,1,3,32,13,3,16,43,0.238,0.315,0.325,0.64,72,0.324,85,78,4,11,7,0,0,4H
288,Gerald Perry*,33,STL,NL,0.8,60,92,77,12,25,7,0,3,18,1,1,15,12,0.325,0.435,0.532,0.967,153,0.418,156,41,4,0,0,0,1,H3
289,Jeff Reboulet,30,MIN,AL,0.8,74,210,189,28,49,11,1,3,23,0,0,18,23,0.259,0.327,0.376,0.703,81,0.321,79,71,6,1,2,0,0,64H3/597D
290,Luis Rivera,30,NYM,NL,0.7,32,49,43,11,12,2,1,3,5,0,1,4,14,0.279,0.367,0.581,0.949,144,0.414,156,25,1,2,0,0,0,H6/4
291,Ozzie Smith#,39,STL,NL,2.1,98,433,381,51,100,18,3,3,30,6,3,38,26,0.262,0.326,0.349,0.675,78,0.31,75,133,3,0,10,4,3,*6/H
292,José Vizcaíno#,26,NYM,NL,-1.1,103,456,410,47,105,13,3,3,33,1,11,33,62,0.256,0.31,0.324,0.635,67,0.291,69,133,5,2,5,6,3,*6/H
293,Jack Voigt,28,BAL,AL,0.3,59,163,141,15,34,5,0,3,20,0,0,18,25,0.241,0.327,0.34,0.668,70,0.326,78,48,0,1,1,2,1,97/3HD8
294,Dan Wilson,25,SEA,AL,-0.6,91,303,282,24,61,14,2,3,27,1,2,10,57,0.216,0.244,0.312,0.556,42,0.262,39,88,11,1,8,2,0,*2
295,Billy Hatcher,33,2TM,2LG,-1,87,327,298,39,73,14,2,3,31,8,6,17,28,0.245,0.283,0.336,0.618,58,0.285,55,100,5,1,5,6,0,*98/H7D
295,Billy Hatcher,33,BOS,AL,-1,44,181,164,24,40,9,1,1,18,4,5,11,14,0.244,0.292,0.329,0.621,58,0.286,57,54,3,1,3,2,0,9/HD
295,Billy Hatcher,33,PHI,NL,0,43,146,134,15,33,5,1,2,13,4,1,6,14,0.246,0.271,0.343,0.614,58,0.285,51,46,2,0,2,4,0,89/7H
296,Rubén Amaro Jr.#,29,CLE,AL,0.1,26,25,23,5,5,1,0,2,5,2,1,2,3,0.217,0.28,0.522,0.802,103,0.333,91,12,0,0,0,0,0,H8/D79
297,Juan Bell#,26,MON,NL,0.7,38,114,97,12,27,4,0,2,10,4,0,15,21,0.278,0.372,0.381,0.753,97,0.359,101,37,1,0,1,1,0,4H/56
298,Tim Bogar,27,NYM,NL,-0.3,50,59,52,5,8,0,0,2,5,1,0,4,11,0.154,0.211,0.269,0.48,25,0.244,20,14,1,0,2,1,1,5H3/647
299,Mike Bordick,28,OAK,AL,1.6,114,440,391,38,99,18,4,2,37,7,2,38,44,0.253,0.32,0.335,0.655,77,0.316,85,131,9,3,3,5,1,*6/4
300,Chuck Carr#,26,FLA,NL,0.6,106,468,433,61,114,19,2,2,30,32,8,22,71,0.263,0.305,0.33,0.635,65,0.308,64,143,5,5,6,2,1,*8/H
301,Vince Coleman#,32,KCR,AL,-1.6,104,477,438,61,105,14,12,2,33,50,8,29,72,0.24,0.285,0.34,0.626,59,0.302,53,149,2,1,4,5,0,*7/DH
302,Scott Coolbaugh,28,STL,NL,0,15,23,21,4,4,0,0,2,6,0,0,1,4,0.19,0.217,0.476,0.694,76,0.285,58,10,3,0,0,1,0,H/35
303,Joey Cora#,29,CHW,AL,0.7,90,368,312,55,86,13,4,2,30,8,4,38,32,0.276,0.353,0.362,0.715,87,0.338,93,113,8,2,11,5,0,*4H/D
304,Delino DeShields*,25,LAD,NL,1.7,89,376,320,51,80,11,3,2,33,27,7,54,53,0.25,0.357,0.322,0.679,84,0.337,93,103,9,0,1,1,0,*46/H
305,Carl Everett#,23,FLA,NL,0.2,16,54,51,7,11,1,0,2,6,4,0,3,15,0.216,0.259,0.353,0.612,57,0.306,56,18,0,0,0,0,0,/897H
306,Dave Gallagher,33,ATL,NL,-0.1,89,177,152,27,34,5,0,2,14,0,2,22,17,0.224,0.326,0.296,0.622,63,0.297,66,45,5,1,2,0,2,*7H/983
307,Brent Gates#,24,OAK,AL,1,64,264,233,29,66,11,1,2,24,3,0,21,32,0.283,0.337,0.365,0.702,89,0.338,99,85,8,1,3,6,1,4/H3
308,Carlos Hernández,27,LAD,NL,-0.2,32,65,64,6,14,2,0,2,6,0,0,1,14,0.219,0.231,0.344,0.575,52,0.264,48,22,0,0,0,0,0,2/H
309,Tim Hulett,34,BAL,AL,1,36,106,92,11,21,2,1,2,15,0,0,12,24,0.228,0.314,0.337,0.651,65,0.297,58,31,2,0,1,1,0,4/56H
310,Mike Kelly,24,ATL,NL,-0.1,30,80,77,14,21,10,1,2,9,0,1,2,17,0.273,0.3,0.506,0.806,104,0.35,105,39,1,1,0,0,0,7H/89
311,Manuel Lee#,29,TEX,AL,0.8,95,363,335,41,93,18,2,2,38,3,1,21,66,0.278,0.319,0.361,0.681,77,0.322,80,121,8,0,6,1,0,*64
312,Scott Livingstone*,28,2TM,2LG,-0.3,72,211,203,11,54,13,1,2,11,2,2,7,26,0.266,0.289,0.369,0.659,72,0.301,71,75,5,0,0,1,0,5H/3D
312,Scott Livingstone*,28,DET,AL,-0.3,15,24,23,0,5,1,0,0,1,0,0,1,4,0.217,0.25,0.261,0.511,33,0.234,20,6,0,0,0,0,0,/3DH5
312,Scott Livingstone*,28,SDP,NL,-0.1,57,187,180,11,49,12,1,2,10,2,2,6,22,0.272,0.294,0.383,0.677,78,0.309,78,69,5,0,0,1,0,5/H
313,Keith Lockhart*,29,SDP,NL,-0.6,27,50,43,4,9,0,0,2,6,1,0,4,10,0.209,0.286,0.349,0.635,67,0.289,58,15,2,1,1,1,0,H5/469
314,Luis López#,23,SDP,NL,-0.6,77,257,235,29,65,16,1,2,20,3,2,15,39,0.277,0.325,0.379,0.704,86,0.321,85,89,7,3,2,2,2,64/H5
315,Torey Lovullo#,28,SEA,AL,0.1,36,81,72,9,16,5,0,2,7,1,0,9,13,0.222,0.309,0.375,0.684,75,0.304,65,27,2,0,0,0,1,4H/5D
316,Brent Mayne*,26,KCR,AL,0,46,158,144,19,37,5,1,2,20,1,0,14,27,0.257,0.323,0.347,0.67,71,0.31,68,50,3,0,0,0,1,2/DH
317,Pat Meares,25,MIN,AL,0.4,80,254,229,29,61,12,1,2,24,5,1,14,50,0.266,0.31,0.354,0.664,72,0.308,68,81,3,2,6,3,0,*6/H
318,Orlando Miller,25,HOU,NL,0.5,16,44,40,3,13,0,1,2,9,1,0,2,12,0.325,0.386,0.525,0.911,141,0.389,133,21,0,2,0,0,2,6/H4
319,Randy Milligan,32,MON,NL,0,47,98,82,10,19,2,0,2,12,0,0,14,21,0.232,0.337,0.329,0.666,75,0.302,67,27,1,0,0,2,1,3H
320,Mickey Morandini*,28,PHI,NL,1,87,316,274,40,80,16,5,2,26,10,5,34,33,0.292,0.378,0.409,0.787,104,0.354,104,112,4,4,4,0,5,*4H
321,James Mouton,25,HOU,NL,0.6,99,345,310,43,76,11,0,2,16,24,5,27,69,0.245,0.315,0.3,0.615,66,0.297,62,93,6,5,2,1,0,*98H/7
322,Greg Myers*,28,CAL,AL,0.4,45,142,126,10,31,6,0,2,8,0,2,10,27,0.246,0.299,0.341,0.641,65,0.278,53,43,3,0,5,1,3,2/HD
323,Warren Newson*,29,CHW,AL,0.1,63,118,102,16,26,5,0,2,7,1,0,14,23,0.255,0.345,0.363,0.708,85,0.33,86,37,3,0,2,0,1,H9/7D
324,Troy O'Leary*,24,MIL,AL,-0.2,27,73,66,9,18,1,1,2,7,1,1,5,12,0.273,0.329,0.409,0.738,87,0.322,79,27,0,1,0,1,0,79/HD
325,Dan Pasqua*,32,CHW,AL,-0.1,11,23,23,2,5,2,0,2,4,0,0,0,9,0.217,0.217,0.565,0.783,95,0.316,78,13,1,0,0,0,0,/93H7
326,Bill Pecota,34,ATL,NL,0.2,64,130,112,11,24,5,0,2,16,1,0,16,16,0.214,0.31,0.313,0.623,62,0.293,57,35,3,0,1,1,1,H5/47
327,Tony Peña,37,CLE,AL,0.5,40,126,112,18,33,8,1,2,10,0,1,9,11,0.295,0.341,0.438,0.779,102,0.359,111,49,6,0,3,2,0,2
328,Todd Pratt,27,PHI,NL,-0.1,28,114,102,10,20,6,1,2,9,0,1,12,29,0.196,0.281,0.333,0.614,59,0.289,60,34,3,0,0,0,0,2
329,Jody Reed,31,MIL,AL,1.4,108,465,399,48,108,22,0,2,37,5,4,57,34,0.271,0.362,0.341,0.703,81,0.332,84,136,8,2,4,3,1,*4/H
330,Rick Renteria,32,FLA,NL,0,28,52,49,5,11,0,0,2,4,0,1,1,4,0.224,0.269,0.347,0.616,58,0.283,60,17,1,2,0,0,0,5H/47
331,Bip Roberts#,30,SDP,NL,1.7,105,449,403,52,129,15,5,2,31,21,7,39,57,0.32,0.383,0.397,0.78,107,0.36,110,160,7,3,2,2,1,*47/8H
332,Steve Scarsone,28,SFG,NL,0.1,52,118,103,21,28,8,0,2,13,0,2,10,20,0.272,0.33,0.408,0.738,97,0.337,106,42,1,0,3,2,1,4H/536
333,Don Slaught,35,PIT,NL,0.9,76,279,240,21,69,7,0,2,21,0,0,34,31,0.288,0.381,0.342,0.723,90,0.336,91,82,5,3,1,1,2,2/H
334,Kelly Stinnett,24,NYM,NL,0.2,47,167,150,20,38,6,2,2,14,2,0,11,28,0.253,0.323,0.36,0.683,79,0.314,76,54,3,5,0,1,1,2/H
335,Kevin Stocker#,24,PHI,NL,0.3,82,330,271,38,74,11,2,2,28,2,2,44,41,0.273,0.383,0.351,0.734,92,0.334,90,95,3,7,4,4,8,*6
336,Jeff Tackett,28,BAL,AL,0.2,26,60,53,5,12,3,1,2,9,0,0,5,13,0.226,0.317,0.434,0.751,88,0.345,91,23,4,2,0,0,0,2/H
337,Robby Thompson,32,SFG,NL,0.4,35,150,129,13,27,8,2,2,7,3,1,15,32,0.209,0.29,0.349,0.638,70,0.294,66,45,2,0,5,1,0,4
338,Lee Tinsley#,25,BOS,AL,0.5,78,168,144,27,32,4,0,2,14,13,0,19,36,0.222,0.315,0.292,0.607,56,0.312,56,42,2,1,3,1,1,7H89D
339,Rondell White,22,MON,NL,0.4,40,109,97,16,27,10,1,2,13,1,1,9,18,0.278,0.358,0.464,0.822,112,0.368,116,45,1,3,0,0,0,7H/8
340,Dave Valle,33,2TM,AL,-0.1,46,134,112,14,26,8,1,2,10,0,2,18,22,0.232,0.348,0.375,0.723,84,0.324,82,42,3,2,2,0,2,2/H3D
340,Dave Valle,33,BOS,AL,-0.6,30,88,76,6,12,2,1,1,5,0,1,9,18,0.158,0.256,0.25,0.506,30,0.238,21,19,2,1,2,0,1,3-Feb
340,Dave Valle,33,MIL,AL,0.5,16,46,36,8,14,6,0,1,5,0,1,9,4,0.389,0.522,0.639,1.161,194,0.485,197,23,1,1,0,0,1,2/HD
341,Skeeter Barnes,37,DET,AL,-0.1,24,21,21,4,6,0,0,1,4,0,1,0,2,0.286,0.286,0.429,0.714,82,0.283,71,9,1,0,0,0,0,3H/7D
342,Kim Batiste,26,PHI,NL,-2,64,214,209,17,49,6,0,1,13,1,1,1,32,0.234,0.239,0.278,0.517,34,0.245,26,58,11,1,1,2,0,56/H
343,Rich Becker*,22,MIN,AL,0.3,28,112,98,12,26,3,0,1,8,6,1,13,25,0.265,0.351,0.327,0.678,77,0.349,93,32,2,0,1,0,0,8/9H7D
344,Mike Benjamin,28,SFG,NL,1.3,38,75,62,9,16,5,1,1,9,5,0,5,16,0.258,0.343,0.419,0.762,103,0.379,118,26,1,3,5,0,1,6H4/5
345,Hubie Brooks,37,KCR,AL,-0.7,34,67,61,5,14,2,0,1,14,1,0,2,10,0.23,0.239,0.311,0.55,39,0.24,19,19,2,0,0,4,0,HD/3
346,Jarvis Brown,27,ATL,NL,-0.3,17,16,15,3,2,1,0,1,1,0,0,0,2,0.133,0.133,0.4,0.533,31,0.219,1,6,1,0,1,0,0,H/879
347,Midre Cummings*,22,PIT,NL,-0.3,24,92,86,11,21,4,0,1,12,0,0,4,18,0.244,0.283,0.326,0.608,58,0.282,53,28,0,1,0,1,0,Jul-89
348,Milt Cuyler#,25,DET,AL,0.1,48,134,116,20,28,3,1,1,11,5,3,13,21,0.241,0.318,0.31,0.629,64,0.308,73,36,3,1,2,2,0,87/9H
349,Mark Dalesandro,26,CAL,AL,-0.4,19,27,25,5,5,1,0,1,2,0,0,2,4,0.2,0.259,0.36,0.619,58,0.273,47,9,2,0,0,0,0,2/H57
350,Alex Diaz#,25,MIL,AL,0,79,203,187,17,47,5,7,1,17,5,5,10,19,0.251,0.285,0.369,0.654,65,0.29,59,69,5,0,3,3,1,89/H4D
351,Álvaro Espinoza,32,CLE,AL,0,90,244,231,27,55,13,0,1,19,1,3,6,33,0.238,0.258,0.307,0.566,47,0.254,39,71,7,1,4,2,0,564/3H
352,Félix Fermín,30,SEA,AL,0.4,101,411,379,52,120,21,0,1,35,4,4,11,22,0.317,0.338,0.38,0.718,85,0.332,87,144,9,4,12,5,0,*64
353,Eric Fox#,30,OAK,AL,0.1,26,47,44,7,9,2,0,1,1,2,0,3,8,0.205,0.255,0.318,0.574,53,0.286,59,14,0,0,0,0,0,8/9H
354,Marvin Freeman,31,COL,NL,0,19,42,36,5,4,1,0,1,3,0,0,1,21,0.111,0.179,0.222,0.402,-2,0.21,-21,8,0,2,3,0,0,1
355,Rene Gonzales,33,CLE,AL,0.4,22,30,23,6,8,1,1,1,5,2,0,5,3,0.348,0.448,0.609,1.057,173,0.462,168,14,0,0,1,1,0,5/36H4
356,Kevin Gross,33,LAD,NL,0.1,25,54,47,2,7,0,0,1,3,0,0,3,18,0.149,0.2,0.213,0.413,11,0.191,-13,10,1,0,4,0,0,1
357,Ozzie Guillén*,30,CHW,AL,0.8,100,390,365,46,105,9,5,1,39,5,4,14,35,0.288,0.311,0.348,0.659,72,0.294,64,127,5,0,7,4,2,*6/H
358,Ricky Gutiérrez,24,SDP,NL,-1.8,90,314,275,27,66,11,2,1,28,2,6,32,54,0.24,0.321,0.305,0.626,67,0.291,69,84,8,2,2,3,1,6H/4
359,Chip Hale*,29,MIN,AL,0.3,67,138,118,13,31,9,0,1,11,0,2,16,14,0.263,0.35,0.364,0.715,86,0.342,99,43,2,1,1,2,1,H5D/349
360,Joe Hall,28,CHW,AL,0.3,17,31,28,6,11,3,0,1,5,0,0,2,4,0.393,0.452,0.607,1.059,173,0.46,175,17,2,1,0,0,0,/H79D
361,Darryl Hamilton*,29,MIL,AL,0.3,36,159,141,23,37,10,1,1,13,3,0,15,17,0.262,0.331,0.369,0.7,78,0.324,74,52,2,0,2,1,1,8/DH
362,Todd Haney,28,CHC,NL,-0.3,17,43,37,6,6,0,0,1,2,2,1,3,3,0.162,0.238,0.243,0.481,27,0.223,11,9,0,1,1,1,0,4/H5
363,Bill Haselman,28,SEA,AL,0,38,88,83,11,16,7,1,1,8,1,0,3,11,0.193,0.23,0.337,0.567,44,0.293,57,28,2,1,1,0,0,2/HD9
364,José Hernández,24,CHC,NL,-0.2,56,146,132,18,32,2,3,1,9,2,2,8,29,0.242,0.291,0.326,0.617,62,0.274,50,43,4,1,5,0,0,56H/48
365,David Howard#,27,KCR,AL,0.7,46,100,83,9,19,4,0,1,13,3,2,11,23,0.229,0.309,0.313,0.623,60,0.3,64,26,1,0,3,3,0,56/H4D17
366,Trent Hubbard,30,COL,NL,0.3,18,28,25,3,7,1,1,1,3,0,0,3,4,0.28,0.357,0.52,0.877,111,0.509,201,13,1,0,0,0,0,H/87
367,David Hulse*,26,TEX,AL,-0.5,77,341,310,58,79,8,4,1,19,18,2,21,53,0.255,0.305,0.316,0.622,62,0.313,68,98,1,2,7,1,0,8/HD
368,Charles Johnson,22,FLA,NL,0.3,4,13,11,5,5,1,0,1,4,0,0,1,4,0.455,0.462,0.818,1.28,223,0.515,217,9,1,0,0,1,0,/2
369,Chad Kreuter#,29,DET,AL,0,65,204,170,17,38,8,0,1,19,0,1,28,36,0.224,0.327,0.288,0.615,61,0.288,58,49,3,0,2,4,0,2/37H
370,Mike LaValliere*,33,CHW,AL,0.4,59,172,139,6,39,4,0,1,24,0,2,20,15,0.281,0.368,0.331,0.699,85,0.32,84,46,4,1,9,3,0,2/H
371,Mark Lewis,24,CLE,AL,-0.8,20,76,73,6,15,5,0,1,8,1,0,2,13,0.205,0.227,0.315,0.542,39,0.24,24,23,2,0,1,0,0,6/54H
372,Mike Lieberthal,22,PHI,NL,-0.1,24,84,79,6,21,3,1,1,5,0,0,3,5,0.266,0.301,0.367,0.668,72,0.33,86,29,4,1,1,0,0,2/H
373,José Lind,30,KCR,AL,-0.3,85,315,290,34,78,16,2,1,31,9,5,16,34,0.269,0.306,0.348,0.654,67,0.296,60,101,7,0,8,1,1,*4/DH
374,Dave Magadan*,31,FLA,NL,-0.1,74,254,211,30,58,7,0,1,17,0,0,39,25,0.275,0.386,0.322,0.708,87,0.336,90,68,8,1,0,3,0,5H3
375,Kirt Manwaring,28,SFG,NL,0.6,97,351,316,30,79,17,1,1,29,1,1,25,50,0.25,0.308,0.32,0.628,69,0.292,67,101,10,3,4,3,3,*2
376,Norberto Martín,27,CHW,AL,0.1,45,145,131,19,36,7,1,1,16,4,2,9,16,0.275,0.317,0.366,0.683,78,0.304,70,48,2,0,3,2,0,4H/657D
377,Mike Matheny,23,MIL,AL,-0.1,28,59,53,3,12,3,0,1,2,0,1,3,13,0.226,0.293,0.34,0.633,61,0.294,63,18,1,2,1,0,0,2/H
378,Dave McCarty,24,MIN,AL,-0.3,44,143,131,21,34,8,2,1,12,2,1,7,32,0.26,0.322,0.374,0.696,79,0.323,81,49,3,5,0,0,1,3/7H9
379,Oddibe McDowell*,31,TEX,AL,0.6,59,220,183,34,48,5,1,1,15,14,2,28,39,0.262,0.355,0.317,0.672,77,0.338,85,58,3,0,6,3,0,89/HD
380,Bob Melvin,32,2TM,AL,-0.4,20,35,33,5,7,0,0,1,4,0,0,1,7,0.212,0.235,0.303,0.538,40,0.239,23,10,2,0,1,0,0,2/3HD
380,Bob Melvin,32,NYY,AL,-0.1,9,14,14,2,4,0,0,1,3,0,0,0,3,0.286,0.286,0.5,0.786,101,0.333,92,7,1,0,0,0,0,/23HD
380,Bob Melvin,32,CHW,AL,-0.3,11,21,19,3,3,0,0,0,1,0,0,1,4,0.158,0.2,0.158,0.358,-5,0.173,-25,3,1,0,1,0,0,2
381,Mike Mordecai,26,ATL,NL,0.2,4,5,4,1,1,0,0,1,3,0,0,1,0,0.25,0.4,1,1.4,247,0.546,239,4,0,0,0,0,0,/6H
382,Russ Morman,32,FLA,NL,0.1,13,36,33,2,7,0,1,1,2,0,0,2,9,0.212,0.278,0.364,0.641,65,0.311,72,12,1,1,0,0,0,/3H
383,Bobby Muñoz,26,PHI,NL,0.2,21,37,34,3,7,0,0,1,6,0,0,1,11,0.206,0.229,0.294,0.523,34,0.232,12,10,0,0,2,0,0,1
384,Denny Neagle*,25,PIT,NL,0.1,24,47,42,2,8,0,0,1,7,0,0,0,13,0.19,0.19,0.262,0.452,16,0.198,-20,11,0,0,5,0,0,1
385,Marc Newfield,21,SEA,AL,-0.5,12,40,38,3,7,1,0,1,4,0,0,2,4,0.184,0.225,0.289,0.514,31,0.23,16,11,2,0,0,0,0,/D7H
386,Melvin Nieves#,22,SDP,NL,0,10,22,19,2,5,1,0,1,4,0,0,3,10,0.263,0.364,0.474,0.837,120,0.369,119,9,0,0,0,0,0,/9H7
387,José Offerman#,25,LAD,NL,-1.4,72,289,243,27,51,8,4,1,25,2,1,38,38,0.21,0.314,0.288,0.603,63,0.295,68,70,6,0,6,2,4,6/H
388,Omar Olivares,26,STL,NL,0.1,15,31,28,4,6,0,0,1,3,0,0,1,8,0.214,0.241,0.321,0.563,47,0.249,28,9,1,0,2,0,0,1/H
389,Joe Oliver,28,CIN,NL,-0.1,6,21,19,1,4,0,0,1,5,0,0,2,3,0.211,0.286,0.368,0.654,70,0.317,79,7,1,0,0,0,1,/2
390,Derek Parks,25,MIN,AL,-0.3,31,96,89,6,17,6,0,1,9,0,1,4,20,0.191,0.242,0.292,0.534,38,0.255,38,26,2,2,1,0,0,2/H
391,J.R. Phillips*,24,SFG,NL,-0.1,15,40,38,1,5,0,0,1,3,1,0,1,13,0.132,0.15,0.211,0.361,-5,0.187,-12,8,1,0,0,1,0,3/H
392,Luis Polonia*,30,NYY,AL,1.3,95,394,350,62,109,21,6,1,36,20,12,37,36,0.311,0.383,0.414,0.797,110,0.375,124,145,7,4,2,1,1,*7H/D
393,Tom Quinlan,26,PHI,NL,-0.1,24,39,35,6,7,2,0,1,3,0,0,3,13,0.2,0.263,0.343,0.606,56,0.258,31,12,0,0,1,0,1,5/H
394,Randy Ready,34,PHI,NL,0.6,17,50,42,5,16,1,0,1,3,0,1,8,6,0.381,0.48,0.476,0.956,149,0.421,158,20,1,0,0,0,0,4/H5
395,Jeff Reed*,31,SFG,NL,-0.9,50,114,103,11,18,3,0,1,7,0,0,11,21,0.175,0.254,0.233,0.487,32,0.229,20,24,3,0,0,0,4,2H
396,Carlos Rodríguez#,26,BOS,AL,0.5,57,192,174,15,50,14,1,1,13,1,0,11,13,0.287,0.33,0.397,0.726,84,0.34,87,69,3,0,7,0,0,64/H5
397,Stan Royer,26,2TM,2LG,-0.6,43,66,66,3,11,5,0,1,3,0,0,0,21,0.167,0.167,0.288,0.455,16,0.208,2,19,1,0,0,0,0,H3/5
397,Stan Royer,26,STL,NL,-0.5,39,57,57,3,10,5,0,1,2,0,0,0,18,0.175,0.175,0.316,0.491,26,0.225,15,18,1,0,0,0,0,H3/5
397,Stan Royer,26,BOS,AL,-0.1,4,9,9,0,1,0,0,0,1,0,0,0,3,0.111,0.111,0.111,0.222,-43,0.101,-74,1,0,0,0,0,0,/53
398,Pete Schourek*,25,CIN,NL,0,22,25,23,1,4,0,0,1,1,0,0,1,3,0.174,0.208,0.304,0.513,32,0.226,11,7,0,0,1,0,0,1
399,Danny Sheaffer,32,COL,NL,-0.8,44,120,110,11,24,4,0,1,12,0,2,10,11,0.218,0.283,0.282,0.565,39,0.26,29,31,2,0,0,0,0,2H/37
400,Dave Silvestri,26,NYY,AL,-0.1,12,23,18,3,2,0,1,1,2,0,1,4,9,0.111,0.261,0.389,0.65,68,0.256,55,7,0,0,0,1,0,/456H
401,John Smoltz,27,ATL,NL,0.3,21,47,37,6,6,1,0,1,1,0,0,4,14,0.162,0.244,0.27,0.514,33,0.237,8,10,1,0,6,0,0,1
402,Andy Stankiewicz,29,HOU,NL,0.4,37,69,54,10,14,3,0,1,5,1,1,12,12,0.259,0.403,0.37,0.773,109,0.356,115,20,2,1,2,0,0,6H/45
403,Dale Sveum#,30,SEA,AL,-0.2,10,29,27,3,5,0,0,1,2,0,0,2,10,0.185,0.241,0.296,0.538,38,0.242,25,8,1,0,0,0,0,/DH5
404,Ron Tingley,35,2TM,2LG,-0.7,24,62,57,4,9,3,1,1,2,0,0,5,20,0.158,0.226,0.298,0.524,35,0.235,18,17,2,0,0,0,0,2/H
404,Ron Tingley,35,FLA,NL,-0.5,19,57,52,4,9,3,1,1,2,0,0,5,18,0.173,0.246,0.327,0.573,47,0.255,33,17,2,0,0,0,0,2/H
404,Ron Tingley,35,CHW,AL,-0.2,5,5,5,0,0,0,0,0,0,0,0,0,2,0,0,0,0,-100,0,-137,0,0,0,0,0,0,/2
405,Andy Tomberlin*,27,BOS,AL,0,17,42,36,1,7,0,1,1,1,1,0,6,12,0.194,0.31,0.333,0.643,64,0.301,58,12,0,0,0,0,0,/H97D1
406,Brian Turang,27,SEA,AL,-0.6,38,123,112,9,21,5,1,1,8,3,1,7,25,0.188,0.242,0.277,0.518,33,0.253,29,31,0,1,3,0,0,78/4DH
407,Chris Turner,25,CAL,AL,0.2,58,163,149,23,36,7,1,1,12,3,0,10,29,0.242,0.29,0.322,0.612,58,0.315,72,48,2,1,1,2,0,2/H
408,Omar Vizquel#,27,CLE,AL,0.8,69,322,286,39,78,10,1,1,33,13,4,23,23,0.273,0.325,0.325,0.65,71,0.31,71,93,4,0,11,2,0,6/H
409,Jerome Walton,28,CIN,NL,-0.3,46,73,68,10,21,4,0,1,9,1,3,4,12,0.309,0.347,0.412,0.759,98,0.32,94,28,2,0,1,0,0,H7/398
410,Walt Weiss#,30,COL,NL,-0.7,110,486,423,58,106,11,4,1,32,12,7,56,58,0.251,0.336,0.303,0.639,58,0.311,60,128,6,0,4,3,0,*6/H
411,Jerry Willard*,34,SEA,AL,0.1,6,6,5,1,1,0,0,1,3,0,0,1,1,0.2,0.333,0.8,1.133,180,0.445,163,4,0,0,0,0,0,/H2D
412,Rick Wrona,30,MIL,AL,0.4,6,12,10,2,5,4,0,1,3,0,0,1,1,0.5,0.545,1.2,1.745,328,0.696,351,12,0,0,1,0,0,/2H3
413,Kevin Young,25,PIT,NL,-0.6,59,134,122,15,25,7,2,1,11,0,2,8,34,0.205,0.258,0.32,0.577,49,0.249,33,39,3,1,2,1,2,35H/79
414,Bob Zupcic,27,2TM,AL,-0.8,36,101,92,10,18,4,1,1,8,0,1,4,17,0.196,0.227,0.293,0.52,34,0.243,30,27,2,0,4,1,0,79/H53D
414,Bob Zupcic,27,BOS,AL,-0.4,4,4,4,0,0,0,0,0,0,0,1,0,1,0,0,0,0,-100,-0.134,-142,0,0,0,0,0,0,/7HD
414,Bob Zupcic,27,CHW,AL,-0.4,32,97,88,10,18,4,1,1,8,0,0,4,16,0.205,0.237,0.307,0.543,40,0.26,37,27,2,0,4,1,0,79/H53
415,Mark Acre,25,OAK,AL,0,2,0,0,0,0,0,0,0,0,0,0,0,0,,,,,,,,0,0,0,0,0,0,1
416,Larry Andersen,41,PHI,NL,0,29,1,0,0,0,0,0,0,0,0,0,1,0,,1,,,,0.713,350,0,0,0,0,0,0,1
417,Garret Anderson*,22,CAL,AL,0.1,5,13,13,0,5,0,0,0,1,0,0,0,2,0.385,0.385,0.385,0.769,100,0.349,98,5,0,0,0,0,0,/7H
418,Luis Aquino,30,FLA,NL,0,29,7,6,1,1,0,0,0,0,0,0,0,0,0.167,0.167,0.167,0.333,-13,0.15,-67,1,0,0,1,0,0,1
419,Alex Arias,26,FLA,NL,-0.3,59,125,113,4,27,5,0,0,15,0,1,9,19,0.239,0.298,0.283,0.582,52,0.279,52,32,5,1,1,1,0,H65
420,René Arocha,30,STL,NL,0,45,13,9,0,1,1,0,0,0,0,0,1,5,0.111,0.2,0.222,0.422,11,0.197,-36,2,0,0,3,0,0,1
421,Andy Ashby,26,SDP,NL,-0.1,24,59,49,2,8,0,0,0,0,0,0,1,19,0.163,0.18,0.163,0.343,-8,0.158,-55,8,2,0,9,0,0,1
422,Billy Ashley,23,LAD,NL,0,2,6,6,0,2,1,0,0,0,0,0,0,2,0.333,0.333,0.5,0.833,120,0.36,116,3,0,0,0,0,0,/7
423,Pedro Astacio,25,LAD,NL,-0.5,23,51,47,2,3,0,0,0,0,0,0,0,22,0.064,0.064,0.064,0.128,-66,0.057,-117,3,0,0,4,0,0,1
424,Steve Avery*,24,ATL,NL,-0.1,24,58,49,4,5,2,0,0,5,0,0,1,16,0.102,0.115,0.143,0.258,-33,0.149,-59,7,0,0,6,2,0,1
425,Bobby Ayala,24,SEA,AL,0,1,0,0,0,0,0,0,0,0,0,0,0,0,,,,,,,,0,0,0,0,0,0,1
426,Jeff Ballard*,30,PIT,NL,0,28,2,2,0,1,0,0,0,0,0,0,0,0,0.5,0.5,0.5,1,162,0.45,174,1,0,0,0,0,0,1
427,Willie Banks,25,CHC,NL,0.1,23,50,41,3,5,1,0,0,0,0,1,1,13,0.122,0.163,0.146,0.309,-18,0.178,-29,6,0,1,7,0,0,1
428,Brian Barnes*,27,LAD,NL,0,5,0,0,0,0,0,0,0,0,0,0,0,0,,,,,,,,0,0,0,0,0,0,/1
429,José Bautista,29,CHC,NL,0,58,2,2,0,0,0,0,0,0,0,0,0,0,0,0,0,0,-100,0,-152,0,0,0,0,0,0,1
430,Billy Bean*,30,SDP,NL,-1.3,84,146,135,7,29,5,1,0,14,0,1,7,25,0.215,0.248,0.267,0.515,37,0.237,26,36,4,0,1,3,1,H739/8
431,Rod Beck,25,SFG,NL,0,48,3,3,0,0,0,0,0,0,0,0,0,2,0,0,0,0,-100,0,-140,0,0,0,0,0,0,1
432,Steve Bedrosian,36,ATL,NL,0.1,46,2,2,0,1,0,0,0,0,0,0,0,1,0.5,0.5,0.5,1,161,0.45,174,1,0,0,0,0,0,1
433,Stan Belinda,27,KCR,AL,0,1,0,0,0,0,0,0,0,0,0,0,0,0,,,,,,,,0,0,0,0,0,0,1
434,Rafael Belliard,32,ATL,NL,-0.5,46,127,120,9,29,7,1,0,9,0,2,2,29,0.242,0.264,0.317,0.581,50,0.26,41,38,4,2,2,1,1,64/H
435,Esteban Beltré,26,TEX,AL,0,48,153,131,12,37,5,0,0,12,2,5,16,25,0.282,0.358,0.321,0.679,78,0.321,90,42,3,0,5,1,0,6/5H4
436,Freddie Benavides,28,MON,NL,-1.1,47,90,85,8,16,5,1,0,6,0,0,3,15,0.188,0.222,0.271,0.493,28,0.214,3,23,2,1,0,1,1,4/H536
437,Andy Benes,26,SDP,NL,-0.1,25,63,49,2,8,1,0,0,7,0,0,1,22,0.163,0.18,0.184,0.364,-3,0.184,-43,9,3,0,13,0,0,1
438,Mike Bielecki,34,ATL,NL,-0.1,19,4,3,0,0,0,0,0,0,0,0,0,3,0,0,0,0,-100,0,-234,0,0,0,1,0,0,1
439,Bud Black*,37,SFG,NL,-0.2,10,22,17,0,1,0,0,0,1,0,0,0,5,0.059,0.059,0.059,0.118,-68,0.053,-163,1,0,0,5,0,0,1
440,Willie Blair,28,COL,NL,-0.1,47,6,6,0,0,0,0,0,0,0,0,0,5,0,0,0,0,-100,0,-163,0,0,0,0,0,0,1
441,Greg Blosser*,23,BOS,AL,-0.1,5,15,11,2,1,0,0,0,1,0,0,4,4,0.091,0.333,0.091,0.424,16,0.255,31,1,0,0,0,0,0,/97DH
442,Toby Borland,25,PHI,NL,0,24,3,3,0,0,0,0,0,1,0,0,0,0,0,0,0,0,-100,0,-149,0,0,0,0,0,0,1
443,Shawn Boskie,27,2TM,NL,0.1,21,30,26,2,3,1,1,0,2,0,0,3,7,0.115,0.207,0.231,0.438,13,0.203,-8,6,0,0,1,0,0,1/H
443,Shawn Boskie,27,CHC,NL,0,2,0,0,0,0,0,0,0,0,0,0,0,0,,,,,,,,0,0,0,0,0,0,/1
443,Shawn Boskie,27,PHI,NL,0.1,19,30,26,2,3,1,1,0,2,0,0,3,7,0.115,0.207,0.231,0.438,13,0.203,-8,6,0,0,1,0,0,1/H
444,Ricky Bottalico*,24,PHI,NL,0,3,0,0,0,0,0,0,0,0,0,0,0,0,,,,,,,,0,0,0,0,0,0,/1
445,Kent Bottenfield,25,2TM,NL,0,16,1,1,0,0,0,0,0,0,0,0,0,0,0,0,0,0,-100,0,-158,0,0,0,0,0,0,1
445,Kent Bottenfield,25,COL,NL,0,15,1,1,0,0,0,0,0,0,0,0,0,0,0,0,0,0,-100,0,-158,0,0,0,0,0,0,1
445,Kent Bottenfield,25,SFG,NL,0,1,0,0,0,0,0,0,0,0,0,0,0,0,,,,,,,,0,0,0,0,0,0,/1
446,Denis Boucher,26,MON,NL,0.1,10,4,3,1,1,1,0,0,0,0,0,0,1,0.333,0.333,0.667,1,152,0.42,169,2,0,0,1,0,0,1
447,Rafael Bournigal,28,LAD,NL,-1,40,132,116,2,26,3,1,0,11,0,0,9,5,0.224,0.291,0.267,0.559,51,0.264,45,31,4,2,5,0,1,6
448,Ryan Bowen,26,FLA,NL,0.2,8,16,14,2,5,2,0,0,0,0,0,1,4,0.357,0.4,0.5,0.9,132,0.395,135,7,0,0,1,0,0,/1
449,Jim Bowie*,29,OAK,AL,-0.2,6,15,14,0,3,0,0,0,0,0,0,0,2,0.214,0.214,0.214,0.429,16,0.194,-4,3,1,0,1,0,0,/3H
450,Darren Bragg*,24,SEA,AL,0,8,21,19,4,3,1,0,0,2,0,0,2,5,0.158,0.238,0.211,0.449,17,0.328,82,4,0,0,0,0,1,/7DH
451,Jeff Brantley,30,CIN,NL,0,50,4,3,0,0,0,0,0,0,0,0,1,1,0,0.25,0,0.25,-27,0.178,-19,0,0,0,0,0,0,1
452,Sid Bream*,33,HOU,NL,0.4,46,70,61,7,21,5,0,0,7,0,1,9,9,0.344,0.429,0.426,0.855,130,0.388,141,26,2,0,0,0,1,H3
453,Brad Brink,29,SFG,NL,0,4,1,1,0,0,0,0,0,0,0,0,0,0,0,0,0,0,-100,0,-133,0,0,0,0,0,0,/1
454,John Briscoe,26,OAK,AL,0,2,0,0,0,0,0,0,0,0,0,0,0,0,,,,,,,,0,0,0,0,0,0,1/H
455,Doug Brocail*,27,SDP,NL,0,14,2,2,2,0,0,0,0,0,0,0,0,1,0,0,0,0,-100,0,-148,0,0,0,0,0,0,1/H
456,Tom Browning*,34,CIN,NL,0,7,16,14,1,2,1,0,0,0,0,0,0,6,0.143,0.143,0.214,0.357,-8,0.154,-55,3,0,0,2,0,0,/1
457,Mike Brumley#,32,OAK,AL,-0.4,11,26,25,0,6,0,0,0,2,0,0,1,8,0.24,0.269,0.24,0.509,39,0.237,33,6,0,0,0,0,0,/457H6
458,Gary Buckels,28,STL,NL,0,10,1,1,0,0,0,0,0,0,0,0,0,0,0,0,0,0,-100,0,-142,0,0,0,0,0,0,1
459,Damon Buford,24,BAL,AL,0,4,2,2,2,1,0,0,0,0,0,0,0,1,0.5,0.5,0.5,1,155,0.453,165,1,0,0,0,0,0,/H7D
460,Jim Bullinger,28,CHC,NL,0.1,33,29,22,0,3,2,0,0,4,0,0,2,8,0.136,0.208,0.227,0.436,14,0.24,9,5,0,0,5,0,0,1
461,Dave Burba,27,SFG,NL,0,57,3,3,0,0,0,0,0,0,0,0,0,2,0,0,0,0,-100,0,-140,0,0,0,0,0,0,1
462,John Burkett,29,SFG,NL,-0.5,25,55,51,1,3,0,0,0,0,0,0,1,21,0.059,0.077,0.059,0.136,-63,0.066,-105,3,1,0,3,0,0,1
463,Rob Butler*,24,TOR,AL,-0.8,41,88,74,13,13,0,1,0,5,0,1,7,8,0.176,0.25,0.203,0.453,19,0.234,21,15,3,1,4,2,0,78H/9D
464,Mike Campbell,30,SDP,NL,0.1,3,3,3,0,1,0,0,0,2,0,0,0,1,0.333,0.333,0.333,0.667,77,0.3,69,1,0,0,0,0,0,/1
465,Tom Candiotti,37,LAD,NL,-0.1,23,58,50,2,7,1,0,0,3,0,0,1,9,0.14,0.157,0.16,0.317,-15,0.144,-57,8,0,0,7,0,0,1
466,John Cangelosi#,31,NYM,NL,0.6,62,135,111,14,28,4,0,0,4,5,1,19,20,0.252,0.371,0.288,0.66,77,0.325,81,32,1,2,3,0,1,H798
467,Cris Carpenter,29,TEX,AL,0,1,0,0,0,0,0,0,0,0,0,0,0,0,,,,,,,,0,0,0,0,0,0,1
468,Héctor Carrasco,24,CIN,NL,-0.1,45,6,6,0,0,0,0,0,0,0,0,0,4,0,0,0,0,-100,0,-147,0,0,0,0,0,0,1
469,Matías Carrillo*,31,FLA,NL,-1.3,80,146,136,13,34,7,0,0,9,3,3,9,31,0.25,0.295,0.301,0.596,55,0.271,48,41,5,0,0,1,0,H97/8
470,Andy Carter*,25,PHI,NL,-0.1,20,6,6,0,0,0,0,0,0,0,0,0,3,0,0,0,0,-100,0,-150,0,0,0,0,0,0,1
471,Frank Castillo,25,CHC,NL,-0.1,4,10,9,0,0,0,0,0,0,0,0,1,4,0,0.1,0,0.1,-71,0.071,-95,0,0,0,0,0,0,/1
472,Juan Castillo,24,NYM,NL,0,2,5,5,0,1,0,0,0,1,0,0,0,1,0.2,0.2,0.2,0.4,6,0.18,-17,1,0,0,0,0,0,/1
473,Domingo Cedeño#,25,TOR,AL,-0.9,47,114,97,14,19,2,3,0,10,1,2,10,31,0.196,0.261,0.278,0.54,40,0.245,31,27,1,0,3,4,0,4H/657
474,Frank Cimorelli,25,STL,NL,0,11,2,2,0,0,0,0,0,0,0,0,0,0,0,0,0,0,-100,0,-148,0,0,0,0,0,0,1
475,Steve Cooke,24,PIT,NL,0,25,47,42,2,8,1,0,0,0,0,0,0,12,0.19,0.19,0.214,0.405,5,0.18,-34,9,0,0,5,0,0,1
476,Rhéal Cormier*,27,STL,NL,0.2,8,16,14,2,4,0,0,0,1,0,0,1,2,0.286,0.375,0.286,0.661,78,0.316,80,4,0,1,0,0,0,/1
477,Rod Correia,26,CAL,AL,-0.1,6,19,17,4,4,1,0,0,0,0,0,0,0,0.235,0.316,0.294,0.61,59,0.289,57,5,0,2,0,0,0,/46
478,Chuck Crim,32,CHC,NL,0,49,2,2,0,0,0,0,0,0,0,0,0,0,0,0,0,0,-100,0,-152,0,0,0,0,0,0,1
479,Tripp Cromer,26,STL,NL,-0.1,2,0,0,1,0,0,0,0,0,0,0,0,0,,,,,,,,0,0,0,0,0,0,/6H
480,Fausto Cruz,22,OAK,AL,-0.4,17,32,28,2,3,0,0,0,0,0,0,4,6,0.107,0.219,0.107,0.326,-8,0.176,-9,3,0,0,0,0,0,6/H54
481,Jim Czajkowski#,30,COL,NL,0,5,0,0,0,0,0,0,0,0,0,0,0,0,,,,,,,,0,0,0,0,0,0,/1
482,Omar Daal*,22,LAD,NL,0,24,0,0,0,0,0,0,0,0,0,0,0,0,,,,,,,,0,0,0,0,0,0,1
483,Ron Darling,33,OAK,AL,0,2,1,1,0,0,0,0,0,0,0,0,0,0,0,0,0,0,-100,0,-131,0,0,0,0,0,0,1/H
484,Butch Davis,36,TEX,AL,-0.1,4,17,17,2,4,3,0,0,0,1,0,0,3,0.235,0.235,0.412,0.647,64,0.287,48,7,0,0,0,0,0,/9
485,Russ Davis,24,NYY,AL,-0.3,4,14,14,0,2,0,0,0,1,0,0,0,4,0.143,0.143,0.143,0.286,-24,0.13,-46,2,1,0,0,0,0,/5
486,Mark Davis*,33,SDP,NL,0,20,0,0,0,0,0,0,0,0,0,0,0,0,,,,,,,,0,0,0,0,0,0,1
487,José DeLeón,33,CHW,AL,0,1,0,0,0,0,0,0,0,0,0,0,0,0,,,,,,,,0,0,0,0,0,0,1
488,Rich DeLucia,29,CIN,NL,0,8,0,0,0,0,0,0,0,0,0,0,0,0,,,,,,,,0,0,0,0,0,0,/1
489,Mark Dewey,29,PIT,NL,0.1,45,1,1,1,1,0,0,0,0,0,0,0,0,1,1,1,2,424,0.899,483,1,0,0,0,0,0,1
490,Mario Díaz,32,FLA,NL,0.8,32,85,77,10,25,4,2,0,11,0,0,6,6,0.325,0.376,0.429,0.805,108,0.357,105,33,1,1,0,1,0,H5/46
491,Steve Dixon*,24,STL,NL,0,2,0,0,0,0,0,0,0,0,0,0,0,0,,,,,,,,0,0,0,0,0,0,/1
492,Doug Drabek,31,HOU,NL,0.6,24,65,58,4,14,0,1,0,6,0,0,0,10,0.241,0.262,0.276,0.538,44,0.287,60,16,0,2,4,1,0,1/H
493,Brian Drahman,27,FLA,NL,0,9,0,0,0,0,0,0,0,0,0,0,0,0,,,,,,,,0,0,0,0,0,0,/1
494,Darren Dreifort,22,LAD,NL,0.1,28,2,1,0,1,0,0,0,1,0,0,0,0,1,1,1,2,440,0.899,883,1,0,0,1,0,0,1/H
495,Rob Ducey*,29,TEX,AL,-0.6,11,31,29,1,5,1,0,0,1,0,0,2,1,0.172,0.226,0.207,0.433,14,0.204,1,6,1,0,0,0,0,9/H
496,Steve Dunn*,24,MIN,AL,-0.3,14,36,35,2,8,5,0,0,4,0,0,1,12,0.229,0.25,0.371,0.621,58,0.269,44,13,1,0,0,0,0,3/H
497,Mike Dyer,27,PIT,NL,0,14,1,1,0,0,0,0,0,0,0,0,0,0,0,0,0,0,-100,0,-142,0,0,0,0,0,0,1
498,Dennis Eckersley,39,OAK,AL,0,4,0,0,0,0,0,0,0,0,0,0,0,0,,,,,,,,0,0,0,0,0,0,1
499,Tom Edens,33,2TM,NL,0,42,3,2,0,0,0,0,0,0,0,0,0,1,0,0,0,0,-100,0,-270,0,0,0,1,0,0,1
499,Tom Edens,33,HOU,NL,0,39,3,2,0,0,0,0,0,0,0,0,0,1,0,0,0,0,-100,0,-270,0,0,0,1,0,0,1
499,Tom Edens,33,PHI,NL,0,3,0,0,0,0,0,0,0,0,0,0,0,0,,,,,,,,0,0,0,0,0,0,/1
500,Robert Eenhoorn,26,NYY,AL,0.1,3,4,4,1,2,1,0,0,0,0,0,0,0,0.5,0.5,0.75,1.25,223,0.539,231,3,0,0,0,0,0,/6H
501,Joey Eischen*,24,MON,NL,0,1,0,0,0,0,0,0,0,0,0,0,0,0,,,,,,,,0,0,0,0,0,0,/1
502,Donnie Elliott,25,SDP,NL,0,30,2,1,0,0,0,0,0,0,0,0,0,1,0,0,0,0,-100,0,-375,0,0,0,1,0,0,1
503,Kevin Elster,29,NYY,AL,-0.5,7,22,20,0,0,0,0,0,0,0,0,1,6,0,0.048,0,0.048,-86,0.035,-121,0,0,0,1,0,0,/6
504,Bryan Eversgerd,25,STL,NL,-0.1,40,8,6,0,0,0,0,0,0,0,0,0,3,0,0,0,0,-100,0,-227,0,0,0,2,0,0,1
505,Jorge Fábregas*,24,CAL,AL,-0.6,43,135,127,12,36,3,0,0,16,2,1,7,18,0.283,0.321,0.307,0.628,64,0.293,60,39,5,0,1,0,1,2/H
506,Rikkert Faneyte,25,SFG,NL,-0.4,19,29,26,1,3,3,0,0,4,0,0,3,11,0.115,0.207,0.231,0.438,17,0.204,4,6,1,0,0,0,0,H/98
507,Jeff Fassero*,31,MON,NL,-0.2,21,55,44,1,3,0,1,0,0,0,0,2,27,0.068,0.109,0.114,0.222,-42,0.144,-74,5,0,0,9,0,0,1
508,Mike Felder#,32,HOU,NL,-0.5,58,123,117,10,28,2,2,0,13,3,0,4,12,0.239,0.264,0.291,0.555,48,0.263,40,34,1,0,2,0,0,H9/78
509,Mike Fetters,29,MIL,AL,0,1,0,0,0,0,0,0,0,0,0,0,0,0,,,,,,,,0,0,0,0,0,0,1
510,John Flaherty,26,DET,AL,-0.4,34,44,40,2,6,1,0,0,4,0,1,1,11,0.15,0.167,0.175,0.342,-11,0.186,-8,7,1,0,2,1,0,2/DH
511,Bryce Florie,24,SDP,NL,0,9,0,0,0,0,0,0,0,0,0,0,0,0,,,,,,,,0,0,0,0,0,0,/1
512,Tim Fortugno*,32,CIN,NL,0,25,3,3,0,1,0,0,0,0,0,0,0,2,0.333,0.333,0.333,0.667,76,0.3,69,1,0,0,0,0,0,1
513,Kevin Foster,25,CHC,NL,0,13,31,27,2,2,0,0,0,0,0,0,1,12,0.074,0.107,0.074,0.181,-51,0.155,-50,2,0,0,3,0,0,1
514,John Franco*,33,NYM,NL,0,47,3,3,0,0,0,0,0,0,0,0,0,3,0,0,0,0,-100,0,-146,0,0,0,0,0,0,1
515,John Frascatore,24,STL,NL,0,1,1,1,0,0,0,0,0,0,0,0,0,1,0,0,0,0,-100,0,-142,0,0,0,0,0,0,/1
516,Willie Fraser,30,FLA,NL,0,9,0,0,0,0,0,0,0,0,0,0,0,0,,,,,,,,0,0,0,0,0,0,/1
517,Lou Frazier#,29,MON,NL,0.6,76,160,140,25,38,3,1,0,14,20,4,18,23,0.271,0.358,0.307,0.666,76,0.335,78,43,1,1,1,0,0,H7/483
518,Steve Frey,30,SFG,NL,0,44,0,0,0,0,0,0,0,0,0,0,0,0,,,,,,,,0,0,0,0,0,0,1
519,Jeff Frye,27,TEX,AL,1.2,57,243,205,37,67,20,3,0,18,6,1,29,23,0.327,0.408,0.454,0.861,124,0.4,132,93,1,1,5,3,0,4/H5D
520,Mark Gardner,32,FLA,NL,-0.2,20,30,25,0,1,0,0,0,0,0,0,0,10,0.04,0.077,0.04,0.117,-68,0.098,-107,1,0,1,4,0,0,1
521,Jeff Gardner*,30,MON,NL,-0.2,18,35,32,4,7,0,1,0,1,0,0,3,5,0.219,0.286,0.281,0.567,49,0.287,56,9,1,0,0,0,0,/5H4
522,Tom Glavine*,28,ATL,NL,0.1,26,70,56,4,10,1,0,0,3,0,0,5,15,0.179,0.246,0.196,0.442,17,0.212,-13,11,0,0,9,0,0,1/H
523,Jerry Goff*,30,PIT,NL,-0.4,8,26,25,0,2,0,0,0,1,0,0,0,11,0.08,0.08,0.08,0.16,-58,0.109,-77,2,1,0,1,0,0,/2H
524,Pat Gomez*,26,SFG,NL,0,26,3,2,0,0,0,0,0,0,0,0,0,0,0,0,0,0,-100,0,-265,0,0,0,1,0,0,1
525,Alex Gonzalez,21,TOR,AL,-0.1,15,59,53,7,8,3,1,0,1,3,0,4,17,0.151,0.224,0.245,0.469,22,0.229,7,13,2,1,1,0,0,6
526,Dwight Gooden,29,NYM,NL,0,7,16,12,1,2,0,0,0,2,0,0,0,1,0.167,0.167,0.167,0.333,-12,0.15,-86,2,0,0,4,0,0,/1
527,Tom Goodwin*,25,KCR,AL,-0.1,2,2,2,0,0,0,0,0,0,0,0,0,1,0,0,0,0,-100,0,-142,0,0,0,0,0,0,/9DH
528,Rich Gossage,42,SEA,AL,0,1,0,0,0,0,0,0,0,0,0,0,0,0,,,,,,,,0,0,0,0,0,0,1
529,Jim Gott,34,LAD,NL,0,37,0,0,0,0,0,0,0,0,0,0,0,0,,,,,,,,0,0,0,0,0,0,1
530,Mauro Gozzo,28,NYM,NL,0.2,23,18,16,1,4,1,0,0,1,0,0,1,3,0.25,0.294,0.313,0.607,60,0.275,47,5,0,0,1,0,0,1
531,Craig Grebeck,29,CHW,AL,1,35,113,97,17,30,5,0,0,5,0,0,12,5,0.309,0.391,0.361,0.752,98,0.366,112,35,1,1,3,0,0,46/5H
532,Shawn Green*,21,TOR,AL,-0.7,14,34,33,1,3,1,0,0,1,1,0,1,8,0.091,0.118,0.121,0.239,-38,0.145,-44,4,1,0,0,0,0,9-Jul
533,Tommy Greene,27,PHI,NL,0.2,7,15,13,2,5,1,0,0,1,0,0,1,4,0.385,0.429,0.462,0.89,131,0.398,137,6,2,0,1,0,0,/1
534,Willie Greene*,22,CIN,NL,0,16,44,37,5,8,2,0,0,3,0,0,6,14,0.216,0.318,0.27,0.588,57,0.267,43,10,1,0,0,1,1,5/H7
535,Eric Gunderson,28,NYM,NL,0,14,0,0,0,0,0,0,0,0,0,0,0,0,,,,,,,,0,0,0,0,0,0,1
536,José Guzmán,31,CHC,NL,-0.1,4,9,8,0,0,0,0,0,0,0,0,1,4,0,0.111,0,0.111,-67,0.079,-90,0,0,0,0,0,0,/1
537,John Habyan,30,STL,NL,0,52,1,0,0,0,0,0,0,0,0,0,1,0,,1,,,,0.713,358,0,0,0,0,0,0,1
538,Joey Hamilton,23,SDP,NL,-0.6,16,48,40,0,0,0,0,0,1,0,0,2,24,0,0.047,0,0.047,-86,0.033,-146,0,0,0,5,1,0,1
539,Chris Hammond*,28,FLA,NL,0,13,27,22,1,3,1,0,0,1,0,0,2,12,0.136,0.208,0.182,0.39,3,0.187,-30,4,0,0,3,0,0,1
540,Mike Hampton,21,HOU,NL,0,44,1,1,0,0,0,0,0,0,0,0,0,1,0,0,0,0,-100,0,-133,0,0,0,0,0,0,1
541,Dave Hansen*,25,LAD,NL,0.4,40,49,44,3,15,3,0,0,5,0,0,5,5,0.341,0.408,0.409,0.817,120,0.389,136,18,0,0,0,0,0,H/5
542,Erik Hanson,29,CIN,NL,-0.2,22,41,39,3,6,1,0,0,3,0,0,0,17,0.154,0.154,0.179,0.333,-13,0.148,-48,7,2,0,2,0,0,1
543,Shawn Hare*,27,NYM,NL,-0.4,22,44,40,7,9,1,1,0,2,0,0,4,11,0.225,0.295,0.3,0.595,57,0.314,78,12,4,0,0,0,0,7/H
544,Mike Harkey,27,COL,NL,0.1,24,26,22,1,4,0,0,0,3,0,0,0,8,0.182,0.182,0.182,0.364,-10,0.205,-37,4,0,0,4,0,0,1
545,Pete Harnisch#,27,HOU,NL,0,18,37,35,5,6,3,0,0,0,0,0,0,10,0.171,0.171,0.257,0.429,13,0.185,-16,9,1,0,2,0,0,1/H
546,Gene Harris,29,SDP,NL,0,13,1,1,0,0,0,0,0,0,0,0,0,0,0,0,0,0,-100,0,-142,0,0,0,0,0,0,1
547,Greg Harris,30,COL,NL,0,29,46,40,2,7,2,0,0,2,0,0,2,15,0.175,0.214,0.225,0.439,8,0.201,-30,9,1,0,4,0,0,1
548,Lenny Harris*,29,CIN,NL,0.5,66,106,100,13,31,3,1,0,14,7,2,5,13,0.31,0.34,0.36,0.7,84,0.354,102,36,0,0,0,1,0,H5/394
549,Bryan Harvey,31,FLA,NL,0,12,0,0,0,0,0,0,0,0,0,0,0,0,,,,,,,,0,0,0,0,0,0,1
550,Heath Haynes,25,MON,NL,0,4,0,0,0,0,0,0,0,0,0,0,0,0,,,,,,,,0,0,0,0,0,0,/1
551,Eric Helfand*,25,OAK,AL,-0.1,7,6,6,1,1,0,0,0,1,0,0,0,1,0.167,0.167,0.167,0.333,-10,0.151,-26,1,0,0,0,0,0,/2H
552,Rod Henderson,23,MON,NL,0,3,1,1,0,0,0,0,0,0,0,0,0,1,0,0,0,0,-100,0,-142,0,0,0,0,0,0,/1
553,Butch Henry*,25,MON,NL,0.5,24,39,31,5,9,1,0,0,2,0,0,3,6,0.29,0.353,0.323,0.676,78,0.339,92,10,1,0,5,0,0,1
554,Doug Henry,30,MIL,AL,0,1,1,1,0,0,0,0,0,0,0,0,0,1,0,0,0,0,-100,0,-138,0,0,0,0,0,0,1
555,Gil Heredia,28,MON,NL,0.2,39,16,16,1,5,0,0,0,1,0,0,0,2,0.313,0.313,0.313,0.625,64,0.338,93,5,0,0,0,0,0,1
556,Xavier Hernandez*,28,NYY,AL,0,1,0,0,0,0,0,0,0,0,0,0,0,0,,,,,,,,0,0,0,0,0,0,1
557,Jeremy Hernandez,27,FLA,NL,0,21,1,1,0,0,0,0,0,0,0,0,0,0,0,0,0,0,-100,0,-142,0,0,0,0,0,0,1
558,Orel Hershiser,35,LAD,NL,0.5,22,52,44,4,9,0,0,0,4,1,0,2,10,0.205,0.245,0.205,0.449,22,0.252,31,9,0,1,3,2,0,1
559,Bryan Hickerson*,30,SFG,NL,0.2,28,31,27,1,5,1,0,0,0,0,0,1,9,0.185,0.241,0.222,0.464,26,0.249,32,6,0,1,2,0,0,1
560,Milt Hill,28,ATL,NL,0,10,0,0,0,0,0,0,0,0,0,0,0,0,,,,,,,,0,0,0,0,0,0,1
561,Ken Hill,28,MON,NL,-0.1,24,67,48,1,7,0,0,0,2,0,0,3,17,0.146,0.196,0.146,0.342,-9,0.183,-54,7,2,0,16,0,0,1/H
562,Eric Hillman*,28,NYM,NL,-0.1,11,9,8,0,0,0,0,0,0,0,0,0,4,0,0,0,0,-100,0,-176,0,0,0,1,0,0,1
563,Denny Hocking#,24,MIN,AL,0.3,11,31,31,3,10,3,0,0,2,2,0,0,4,0.323,0.323,0.419,0.742,90,0.34,82,13,1,0,0,0,0,6/H
564,Trevor Hoffman,26,SDP,NL,-0.1,47,4,3,0,0,0,0,0,0,0,0,0,0,0,0,0,0,-100,0,-226,0,0,0,1,0,0,1
565,Ray Holbert,23,SDP,NL,0,5,5,5,1,1,0,0,0,0,0,0,0,4,0.2,0.2,0.2,0.4,6,0.18,-15,1,0,0,0,0,0,/H6
566,Darren Holmes,28,COL,NL,0,29,1,1,0,0,0,0,0,0,0,0,0,1,0,0,0,0,-100,0,-158,0,0,0,0,0,0,1
567,Rick Honeycutt*,40,TEX,AL,0,1,0,0,0,0,0,0,0,0,0,0,0,0,,,,,,,,0,0,0,0,0,0,1
568,John Hope,23,PIT,NL,0,9,3,3,0,1,0,0,0,0,0,0,0,1,0.333,0.333,0.333,0.667,75,0.3,66,1,0,0,0,0,0,/1
569,Charlie Hough,46,FLA,NL,-0.2,21,38,33,1,4,0,0,0,0,0,0,1,9,0.121,0.147,0.121,0.268,-29,0.154,-56,4,3,0,4,0,0,1
570,Chris Howard,28,SEA,AL,0,9,29,25,2,5,1,0,0,2,0,0,1,6,0.2,0.25,0.24,0.49,27,0.227,12,6,0,1,1,1,0,/2
571,Dann Howitt*,30,CHW,AL,0.1,10,15,14,4,5,3,0,0,0,0,0,1,7,0.357,0.4,0.571,0.971,150,0.419,148,8,1,0,0,0,0,/93H78
572,John Hudek#,27,HOU,NL,0,42,0,0,0,0,0,0,0,0,0,0,0,0,,,,,,,,0,0,0,0,0,0,1
573,Brian Hunter,23,HOU,NL,0.1,6,26,24,2,6,1,0,0,0,2,1,1,6,0.25,0.28,0.292,0.572,53,0.258,40,7,0,0,1,0,0,/8
574,Jonathan Hurst,27,NYM,NL,0,7,0,0,0,0,0,0,0,0,0,0,0,0,,,,,,,,0,0,0,0,0,0,/1
575,Tim Hyers*,22,SDP,NL,-0.3,52,129,118,13,30,3,0,0,7,3,0,9,15,0.254,0.307,0.28,0.587,57,0.284,54,33,1,0,2,0,0,3H/9
576,Blaise Ilsley*,30,CHC,NL,0,10,1,1,0,0,0,0,0,0,0,0,0,0,0,0,0,0,-100,0,-142,0,0,0,0,0,0,1
577,Riccardo Ingram,27,DET,AL,-0.4,12,25,23,3,5,0,0,0,2,0,1,1,2,0.217,0.24,0.217,0.457,20,0.189,4,5,0,0,0,1,0,/7H8D
578,Chuck Jackson,31,TEX,AL,0,1,2,2,0,0,0,0,0,0,0,0,0,0,0,0,0,0,-100,0,-138,0,0,0,0,0,0,/5DH
579,Mike Jackson,29,SFG,NL,0,36,2,1,0,0,0,0,0,0,0,0,0,0,0,0,0,0,-100,0,-367,0,0,0,1,0,0,1
580,Danny Jackson,32,PHI,NL,-0.1,26,68,57,3,9,2,1,0,7,0,0,2,24,0.158,0.186,0.228,0.415,7,0.185,-35,13,1,0,9,0,0,1/H
581,Jason Jacome*,23,NYM,NL,-0.2,8,17,16,0,1,0,0,0,1,0,0,0,9,0.063,0.063,0.063,0.125,-67,0.056,-119,1,0,0,1,0,0,/1
582,Kevin Jarvis*,24,CIN,NL,0,6,6,4,0,1,0,0,0,1,0,0,0,1,0.25,0.25,0.25,0.5,32,0.225,-28,1,0,0,2,0,0,/1
583,Mike Jeffcoat*,34,FLA,NL,0,4,0,0,0,0,0,0,0,0,0,0,0,0,,,,,,,,0,0,0,0,0,0,/1
584,Erik Johnson,28,SFG,NL,-0.3,5,13,13,0,2,0,0,0,0,0,0,0,4,0.154,0.154,0.154,0.308,-17,0.138,-42,2,0,0,0,0,0,/4H6
585,Joel Johnston,27,PIT,NL,0,4,0,0,0,0,0,0,0,0,0,0,0,0,,,,,,,,0,0,0,0,0,0,/1
586,John Johnstone,25,FLA,NL,0,17,1,0,0,0,0,0,0,0,0,0,0,0,,,,,,,,0,0,0,1,0,0,1
587,Todd Jones*,26,HOU,NL,0.1,48,5,5,0,2,0,0,0,0,0,0,0,0,0.4,0.4,0.4,0.8,115,0.36,114,2,0,0,0,0,0,1
588,Doug Jones,37,PHI,NL,0.1,47,1,1,0,1,0,0,0,0,0,0,0,0,1,1,1,2,422,0.899,483,1,0,0,0,0,0,1
589,Chris Jones,28,COL,NL,-0.3,21,42,40,6,12,2,1,0,2,0,1,2,14,0.3,0.333,0.4,0.733,79,0.302,62,16,1,0,0,0,1,8/H7
590,Bobby Jones,24,NYM,NL,-0.1,24,54,46,3,5,1,0,0,1,0,0,0,19,0.109,0.109,0.13,0.239,-38,0.145,-67,6,0,0,8,0,0,1
591,Jeff Juden,23,PHI,NL,-0.1,6,11,9,0,1,0,0,0,1,0,0,0,6,0.111,0.111,0.111,0.222,-42,0.1,-118,1,0,0,2,0,0,/1
592,Darryl Kile,25,HOU,NL,0,24,57,47,3,7,4,0,0,2,0,0,0,28,0.149,0.167,0.234,0.401,6,0.177,-38,11,0,1,9,0,0,1
593,Kevin Koslofski*,27,KCR,AL,-0.1,2,6,4,2,1,0,0,0,0,0,0,2,1,0.25,0.5,0.25,0.75,100,0.328,77,1,0,0,0,0,1,/89H
594,Bill Krueger*,36,SDP,NL,0.3,8,14,12,1,6,1,0,0,0,0,0,0,3,0.5,0.5,0.583,1.083,186,0.48,214,7,0,0,2,0,0,/1
595,Mark Leonard*,29,SFG,NL,0.2,14,14,11,2,4,1,1,0,2,0,0,3,2,0.364,0.5,0.636,1.136,202,0.484,204,7,0,0,0,0,0,H/7
596,Curt Leskanic,26,COL,NL,0,8,6,6,1,1,1,0,0,2,0,0,0,2,0.167,0.167,0.333,0.5,18,0.21,-13,2,0,0,0,0,0,/1
597,Jesse Levis*,26,CLE,AL,,1,1,1,0,1,0,0,0,0,0,0,0,0,1,1,1,2,425,0.907,477,1,0,0,0,0,0,/H
598,Richie Lewis,28,FLA,NL,0,45,6,5,1,0,0,0,0,0,0,0,1,1,0,0.167,0,0.167,-52,0.119,-64,0,0,0,0,0,0,1
599,Jon Lieber*,24,PIT,NL,-0.1,17,42,39,3,4,1,0,0,0,0,0,1,14,0.103,0.125,0.128,0.253,-34,0.163,-39,5,3,0,2,0,0,1
600,Doug Linton,29,NYM,NL,-0.1,32,9,7,0,0,0,0,0,0,0,0,0,3,0,0,0,0,-100,0,-216,0,0,0,2,0,0,1
601,Pat Listach#,26,MIL,AL,0.2,16,57,54,8,16,3,0,0,2,2,1,3,8,0.296,0.333,0.352,0.685,75,0.326,80,19,1,0,0,0,0,6/H
602,Greg Litton,29,BOS,AL,-0.8,11,22,21,2,2,0,0,0,1,0,0,0,5,0.095,0.091,0.095,0.186,-52,0.082,-86,2,0,0,0,1,0,/435HD
603,Tony Longmire*,25,PHI,NL,-0.6,69,153,139,10,33,11,0,0,17,2,1,10,27,0.237,0.289,0.317,0.606,57,0.282,51,44,5,1,1,2,1,H97
604,Brian Looney*,24,MON,NL,0,1,0,0,0,0,0,0,0,0,0,0,0,0,,,,,,,,0,0,0,0,0,0,/1
605,John Mabry*,23,STL,NL,0.1,6,25,23,2,7,3,0,0,3,0,0,2,4,0.304,0.36,0.435,0.795,108,0.352,106,10,0,0,0,0,0,/9
606,Quinn Mack*,28,SEA,AL,-0.2,5,22,21,1,5,3,0,0,2,2,0,1,3,0.238,0.273,0.381,0.654,66,0.307,55,8,0,0,0,0,0,/78D
607,Greg Maddux,28,ATL,NL,0.2,25,73,63,5,14,2,0,0,2,0,0,1,19,0.222,0.234,0.254,0.488,27,0.219,-6,16,2,0,9,0,0,1
608,Mike Maddux*,32,NYM,NL,0,27,3,3,0,0,0,0,0,0,0,0,0,2,0,0,0,0,-100,0,-146,0,0,0,0,0,0,1
609,Mike Magnante*,29,KCR,AL,0,1,0,0,0,0,0,0,0,0,0,0,0,0,,,,,,,,0,0,0,0,0,0,1
610,Pat Mahomes,23,MIN,AL,0,1,0,0,1,0,0,0,0,0,0,0,0,0,,,,,,,,0,0,0,0,0,0,1/DH
611,Mike Maksudian*,28,CHC,NL,0.2,26,36,26,6,7,2,0,0,4,0,1,10,4,0.269,0.472,0.346,0.818,120,0.379,134,9,0,0,0,0,0,H/325
612,Josías Manzanillo,26,NYM,NL,-0.1,37,5,4,0,0,0,0,0,0,0,0,0,2,0,0,0,0,-100,0,-206,0,0,0,1,0,0,1
613,Ravelo Manzanillo*,30,PIT,NL,0.1,46,3,3,0,2,1,0,0,2,0,0,0,0,0.667,0.667,1,1.667,326,0.72,366,3,0,0,0,0,0,1
614,Tom Marsh,28,PHI,NL,0,8,20,18,3,5,1,1,0,3,0,0,1,1,0.278,0.316,0.444,0.76,94,0.377,121,8,0,0,1,0,0,/97H
615,Pedro Martínez*,25,SDP,NL,-0.1,48,5,5,0,0,0,0,0,0,0,0,0,2,0,0,0,0,-100,0,-142,0,0,0,0,0,0,1/H
616,Pedro Martínez,22,MON,NL,-0.2,24,53,44,1,4,0,1,0,5,0,0,3,21,0.091,0.146,0.136,0.282,-26,0.134,-69,6,1,0,5,1,0,1
617,Ramón Martínez*,26,LAD,NL,0.6,24,72,66,4,18,3,0,0,3,0,2,1,18,0.273,0.284,0.318,0.602,61,0.267,57,21,1,0,5,0,0,1
618,José Martínez,23,SDP,NL,0,4,2,2,0,0,0,0,0,0,0,0,0,1,0,0,0,0,-100,0,-148,0,0,0,0,0,0,/1
619,Roger Mason,36,2TM,NL,0,47,0,0,0,0,0,0,0,0,0,0,0,0,,,,,,,,0,0,0,0,0,0,1
619,Roger Mason,36,PHI,NL,0,6,0,0,0,0,0,0,0,0,0,0,0,0,,,,,,,,0,0,0,0,0,0,/1
619,Roger Mason,36,NYM,NL,0,41,0,0,0,0,0,0,0,0,0,0,0,0,,,,,,,,0,0,0,0,0,0,1
620,Terry Mathews*,29,FLA,NL,0.2,24,6,6,1,3,1,0,0,0,0,0,0,2,0.5,0.5,0.667,1.167,199,0.51,214,4,0,0,0,0,0,1
621,Francisco Matos,24,OAK,AL,-0.3,14,30,28,1,7,1,0,0,2,1,0,1,2,0.25,0.267,0.286,0.552,49,0.255,39,8,1,0,0,1,0,4/HD
622,Tim Mauser,27,SDP,NL,0.1,35,6,4,0,1,0,0,0,0,0,0,1,3,0.25,0.4,0.25,0.65,78,0.322,83,1,0,0,1,0,0,1
623,Ray McDavid*,22,SDP,NL,-0.1,9,29,28,2,7,1,0,0,2,1,0,1,8,0.25,0.276,0.286,0.562,49,0.262,37,8,0,0,0,0,0,/7H89
624,Roger McDowell,33,LAD,NL,0,32,1,1,0,0,0,0,0,0,0,0,0,1,0,0,0,0,-100,0,-133,0,0,0,0,0,0,1
625,Chuck McElroy*,26,CIN,NL,0,52,6,6,0,1,0,0,0,1,0,0,0,3,0.167,0.167,0.167,0.333,-12,0.15,-40,1,0,0,0,0,0,1
626,Terry McGriff,30,STL,NL,-0.3,42,131,114,10,25,6,0,0,13,0,0,13,11,0.219,0.308,0.272,0.58,55,0.276,51,31,8,2,1,1,1,2/H
627,Jeff McKnight#,31,NYM,NL,-0.2,31,32,27,1,4,1,0,0,2,0,0,4,12,0.148,0.25,0.185,0.435,17,0.213,5,5,0,0,0,1,0,H/3
628,Greg McMichael,27,ATL,NL,0,51,1,1,0,0,0,0,0,0,0,0,0,0,0,0,0,0,-100,0,-142,0,0,0,0,0,0,1
629,Tony Menéndez,29,SFG,NL,0,6,0,0,0,0,0,0,0,0,0,0,0,0,,,,,,,,0,0,0,0,0,0,/1
630,Kent Mercker*,26,ATL,NL,-0.5,20,43,37,0,2,0,0,0,2,0,0,2,15,0.054,0.1,0.054,0.154,-58,0.081,-106,2,0,0,3,1,0,1
631,Matt Merullo*,28,CLE,AL,-0.3,4,13,10,1,1,0,0,0,0,0,0,2,1,0.1,0.25,0.1,0.35,-4,0.197,-11,1,0,0,1,0,0,/2
632,Dan Miceli,23,PIT,NL,-0.1,28,3,3,0,0,0,0,0,0,0,0,0,2,0,0,0,0,-100,0,-149,0,1,0,0,0,0,1
633,Keith Miller,31,KCR,AL,0,5,15,15,1,2,0,0,0,0,0,0,0,3,0.133,0.133,0.133,0.267,-31,0.244,24,2,0,0,0,0,0,/75
634,Kurt Miller,21,FLA,NL,0,4,7,6,1,1,0,0,0,0,0,0,0,2,0.167,0.167,0.167,0.333,-13,0.15,-67,1,0,0,1,0,0,/1
635,Blas Minor,28,PIT,NL,0,17,1,0,0,0,0,0,0,0,0,0,0,0,,,,,,,,0,0,0,1,0,0,1
636,Rich Monteleone,31,SFG,NL,0,39,3,3,0,0,0,0,0,0,0,0,0,0,0,0,0,0,-100,0,-140,0,0,0,0,0,0,1
637,Marcus Moore#,23,COL,NL,0,29,1,1,0,0,0,0,0,0,0,0,0,1,0,0,0,0,-100,0,-158,0,0,0,0,0,0,1
638,Mike Morgan,34,CHC,NL,-0.1,15,26,24,1,3,0,0,0,0,0,0,1,4,0.125,0.16,0.125,0.285,-24,0.136,-55,3,1,0,1,0,0,1
639,Mike Munoz*,28,COL,NL,0,57,0,0,0,0,0,0,0,0,0,0,0,0,,,,,,,,0,0,0,0,0,0,1
640,Rob Murphy*,34,STL,NL,0,50,0,0,0,0,0,0,0,0,0,0,0,0,,,,,,,,0,0,0,0,0,0,1
641,Jeff Mutis*,27,FLA,NL,-0.1,35,3,3,0,0,0,0,0,0,0,0,0,1,0,0,0,0,-100,0,-149,0,0,0,0,0,0,1
642,Randy Myers*,31,CHC,NL,0,38,1,1,0,0,0,0,0,0,0,0,0,1,0,0,0,0,-100,0,-142,0,0,0,0,0,0,1
643,Bob Natal,28,FLA,NL,0.1,10,34,29,2,8,2,0,0,2,1,0,5,5,0.276,0.382,0.345,0.727,91,0.345,91,10,1,0,0,0,0,/2H
644,Robb Nen,24,FLA,NL,0,44,3,3,0,0,0,0,0,0,0,0,0,1,0,0,0,0,-100,0,-149,0,0,0,0,0,0,1
645,David Nied,25,COL,NL,-0.4,22,44,40,1,4,0,0,0,0,0,0,1,15,0.1,0.122,0.1,0.222,-45,0.105,-100,4,2,0,3,0,0,1
646,Otis Nixon#,35,BOS,AL,0.9,103,461,398,60,109,15,1,0,25,42,10,55,65,0.274,0.36,0.317,0.677,75,0.341,82,126,0,0,6,2,1,*8/H
647,Junior Noboa,29,2TM,2LG,-0.1,19,44,42,3,13,1,1,0,6,1,0,2,5,0.31,0.341,0.381,0.722,94,0.329,91,16,0,0,0,0,0,4/H6D
647,Junior Noboa,29,OAK,AL,-0.1,17,42,40,3,13,1,1,0,6,1,0,2,5,0.325,0.357,0.4,0.757,104,0.345,101,16,0,0,0,0,0,4/H6D
647,Junior Noboa,29,PIT,NL,0,2,2,2,0,0,0,0,0,0,0,0,0,0,0,0,0,0,-100,0,-152,0,0,0,0,0,0,/H6
648,Greg O'Halloran*,26,FLA,NL,-0.2,12,12,11,1,2,0,0,0,1,0,0,0,1,0.182,0.167,0.182,0.348,-10,0.15,-43,2,0,0,0,1,0,H/2
649,Darren Oliver,23,TEX,AL,0,1,0,0,0,0,0,0,0,0,0,0,0,0,,,,,,,,0,0,0,0,0,0,1
650,Gregg Olson,27,ATL,NL,0,16,1,1,0,0,0,0,0,0,0,0,0,1,0,0,0,0,-100,0,-142,0,0,0,0,0,0,1
651,Steve Ontiveros,33,OAK,AL,0,2,0,0,0,0,0,0,0,0,0,0,0,0,,,,,,,,0,0,0,0,0,0,1
652,José Oquendo#,30,STL,NL,0.8,55,152,129,13,34,2,2,0,9,1,1,21,16,0.264,0.364,0.31,0.674,80,0.315,80,40,6,0,1,1,4,64H
653,Junior Ortiz,34,TEX,AL,0.3,29,86,76,3,21,2,0,0,9,0,1,5,11,0.276,0.329,0.303,0.632,66,0.299,68,23,1,1,4,0,0,2/H
654,Luis Ortiz,24,BOS,AL,-0.2,7,23,18,3,3,2,0,0,6,0,0,1,5,0.167,0.182,0.278,0.46,15,0.23,10,5,0,0,1,3,0,/DH
655,Al Osuna,28,LAD,NL,0,15,0,0,0,0,0,0,0,0,0,0,0,0,,,,,,,,0,0,0,0,0,0,1
656,Dave Otto*,29,CHC,NL,0,36,2,2,0,0,0,0,0,0,0,0,0,1,0,0,0,0,-100,0,-152,0,0,0,0,0,0,1
657,Jayhawk Owens,25,COL,NL,0.1,6,15,12,4,3,0,1,0,1,0,0,3,3,0.25,0.4,0.417,0.817,101,0.368,101,5,1,0,0,0,0,/2
658,Lance Painter*,26,COL,NL,-0.1,15,26,21,3,3,1,0,0,2,0,0,0,10,0.143,0.13,0.19,0.321,-23,0.173,-57,4,1,0,3,2,0,1
659,Vicente Palacios,30,STL,NL,-0.6,31,36,33,0,0,0,0,0,0,0,0,0,15,0,0,0,0,-100,0,-167,0,1,0,3,0,0,1
660,Donn Pall,32,CHC,NL,0,2,0,0,0,0,0,0,0,0,0,0,0,0,,,,,,,,0,0,0,0,0,0,/1
661,Erik Pappas,28,STL,NL,-0.6,15,58,44,8,4,1,0,0,5,0,0,10,13,0.091,0.259,0.114,0.372,3,0.251,34,5,1,1,0,3,0,2
662,Craig Paquette,25,OAK,AL,-0.2,14,50,49,0,7,2,0,0,0,1,0,0,14,0.143,0.143,0.184,0.327,-13,0.167,-21,9,0,0,1,0,0,5/H
663,Chan Ho Park,21,LAD,NL,0,2,0,0,0,0,0,0,0,0,0,0,0,0,,,,,,,,0,0,0,0,0,0,/1
664,Rick Parker,31,NYM,NL,-0.4,8,18,16,1,1,0,0,0,0,0,0,0,2,0.063,0.063,0.063,0.125,-67,0.056,-132,1,0,0,2,0,0,/79H8
665,Steve Pegues,26,2TM,NL,0.3,18,38,36,2,13,2,0,0,2,1,0,2,5,0.361,0.395,0.417,0.811,112,0.371,112,15,3,0,0,0,0,/7H89
665,Steve Pegues,26,CIN,NL,0,11,11,10,1,3,0,0,0,0,0,0,1,3,0.3,0.364,0.3,0.664,77,0.31,74,3,0,0,0,0,0,/H79
665,Steve Pegues,26,PIT,NL,0.3,7,27,26,1,10,2,0,0,2,1,0,1,2,0.385,0.407,0.462,0.869,126,0.395,127,12,3,0,0,0,0,/78
666,Alejandro Peña,35,PIT,NL,0,22,1,1,0,0,0,0,0,0,0,0,0,1,0,0,0,0,-100,0,-142,0,0,0,0,0,0,1
667,Will Pennyfeather,26,PIT,NL,-0.1,4,3,3,0,0,0,0,0,0,0,0,0,0,0,0,0,0,-100,0,-149,0,0,0,0,0,0,/H7
668,Mike Pérez,29,STL,NL,0,36,0,0,0,0,0,0,0,0,0,0,0,0,,,,,,,,0,0,0,0,0,0,1
669,Robert Pérez,25,TOR,AL,-0.2,4,8,8,0,1,0,0,0,0,0,0,0,1,0.125,0.125,0.125,0.25,-35,0.113,-62,1,1,0,0,0,0,/79
670,Yorkis Pérez*,26,FLA,NL,0,44,2,2,0,0,0,0,0,0,0,0,0,2,0,0,0,0,-100,0,-152,0,0,0,0,0,0,1
671,Herbert Perry,24,CLE,AL,-0.2,4,14,9,1,1,0,0,0,1,0,0,3,1,0.111,0.357,0.111,0.468,30,0.241,21,1,0,1,0,1,1,/35
672,Roberto Petagine*,23,HOU,NL,-0.2,8,8,7,0,0,0,0,0,0,0,0,1,3,0,0.125,0,0.125,-63,0.089,-78,0,0,0,0,0,0,/H3
673,Dan Plesac*,32,CHC,NL,-0.1,54,4,4,0,0,0,0,0,0,0,0,0,3,0,0,0,0,-100,0,-145,0,1,0,0,0,0,1
674,Mark Portugal,31,SFG,NL,1,21,54,48,4,17,5,1,0,8,0,0,1,8,0.354,0.36,0.5,0.86,128,0.388,138,24,1,0,4,1,0,1
675,Ross Powell*,26,HOU,NL,0,12,0,0,0,0,0,0,0,0,0,0,0,0,,,,,,,,0,0,0,0,0,0,1
676,Tom Prince,29,LAD,NL,0,3,7,6,2,2,0,0,0,1,0,0,1,3,0.333,0.429,0.333,0.762,108,0.359,115,2,0,0,0,0,0,/2
677,Tim Pugh,27,CIN,NL,0.3,10,17,14,2,5,1,0,0,2,0,0,2,2,0.357,0.438,0.429,0.866,129,0.393,136,6,0,0,1,0,0,1
678,Eddie Pye,27,LAD,NL,-0.1,7,12,10,2,1,0,0,0,0,0,0,1,4,0.1,0.182,0.1,0.282,-21,0.147,-48,1,0,0,1,0,0,/46H
679,Paul Quantrill*,25,PHI,NL,-0.1,18,3,3,0,0,0,0,0,0,0,0,0,1,0,0,0,0,-100,0,-149,0,0,0,0,0,0,1
680,Pat Rapp,26,FLA,NL,-0.3,25,45,41,1,5,1,0,0,2,0,0,0,13,0.122,0.122,0.146,0.268,-31,0.118,-81,6,0,0,4,0,0,1/H
681,Gary Redus,37,TEX,AL,-0.2,18,37,33,2,9,1,0,0,2,0,0,4,6,0.273,0.351,0.303,0.654,72,0.297,63,10,3,0,0,0,1,H/398
682,Steve Reed,29,COL,NL,0,61,2,2,0,0,0,0,0,0,0,0,0,1,0,0,0,0,-100,0,-165,0,0,0,0,0,0,1
683,Mike Remlinger*,28,NYM,NL,-0.1,10,20,16,1,0,0,0,0,1,0,0,1,6,0,0.059,0,0.059,-83,0.096,-109,0,0,0,3,0,0,1
684,Carlos Reyes,25,OAK,AL,0,1,0,0,0,0,0,0,0,0,0,0,0,0,,,,,,,,0,0,0,0,0,0,1
685,Harold Reynolds#,33,CAL,AL,-0.8,74,235,207,33,48,10,1,0,11,10,7,23,18,0.232,0.31,0.29,0.6,57,0.287,60,60,5,1,3,1,0,4H/D
686,Shane Reynolds,26,HOU,NL,-0.3,33,41,33,0,3,0,0,0,2,0,0,1,15,0.091,0.118,0.091,0.209,-43,0.1,-105,3,0,0,7,0,0,1
687,Armando Reynoso,28,COL,NL,0,9,21,17,0,3,0,0,0,0,0,0,1,4,0.176,0.222,0.176,0.399,0,0.19,-47,3,0,0,3,0,0,/1
688,José Rijo,29,CIN,NL,0.2,26,59,49,4,10,4,0,0,3,0,0,0,7,0.204,0.204,0.286,0.49,27,0.213,-14,14,0,0,10,0,0,1
689,Billy Ripken,29,TEX,AL,0.3,32,85,81,9,25,5,0,0,6,2,0,3,11,0.309,0.333,0.37,0.704,83,0.333,84,30,2,0,1,0,0,54/H63
690,Kevin Ritz,29,COL,NL,-0.5,15,25,20,0,0,0,0,0,0,0,0,0,13,0,0,0,0,-100,0,-227,0,2,0,5,0,0,1
691,Ben Rivera,26,PHI,NL,-0.1,9,13,9,1,0,0,0,0,0,0,0,1,5,0,0.1,0,0.1,-71,0.071,-158,0,0,0,3,0,0,/1
692,Rich Robertson*,25,PIT,NL,0,8,4,4,0,1,0,0,0,0,0,0,0,3,0.25,0.25,0.25,0.5,31,0.225,13,1,0,0,0,0,0,/1
693,Álex Rodríguez,18,SEA,AL,-0.3,17,59,54,4,11,0,0,0,2,3,0,3,20,0.204,0.241,0.204,0.445,16,0.238,12,11,0,0,1,1,0,6
694,Rich Rodriguez*,31,STL,NL,0,56,1,1,0,0,0,0,0,0,0,0,0,0,0,0,0,0,-100,0,-142,0,0,0,0,0,0,1
695,Kevin Rogers*,25,SFG,NL,0,9,0,0,0,0,0,0,0,0,0,0,0,0,,,,,,,,0,0,0,0,0,0,/1
696,Mel Rojas,27,MON,NL,0.1,58,10,10,1,2,0,0,0,0,0,0,0,5,0.2,0.2,0.2,0.4,5,0.272,45,2,0,0,0,0,0,1
697,John Roper,22,CIN,NL,0.1,16,36,33,3,6,1,0,0,2,0,0,1,12,0.182,0.206,0.212,0.418,10,0.19,-17,7,0,0,2,0,0,1
698,Kirk Rueter*,23,MON,NL,0,20,38,34,1,4,0,0,0,1,0,0,2,8,0.118,0.167,0.118,0.284,-24,0.165,-38,4,0,0,2,0,0,1
699,Bruce Ruffin#,30,COL,NL,0,56,5,4,0,1,0,0,0,1,0,0,1,2,0.25,0.4,0.25,0.65,65,0.322,68,1,0,0,0,0,0,1
700,Johnny Ruffin,22,CIN,NL,0,51,8,8,1,0,0,0,0,0,1,0,0,3,0,0,0,0,-100,0.145,-64,0,0,0,0,0,0,1
701,Bret Saberhagen,30,NYM,NL,0.3,24,70,58,7,10,2,0,0,1,0,0,4,14,0.172,0.226,0.207,0.433,15,0.203,-15,12,0,0,8,0,0,1
702,Olmedo Sáenz,23,CHW,AL,-0.1,5,15,14,2,2,0,1,0,0,0,0,0,5,0.143,0.143,0.286,0.429,8,0.176,-26,4,1,0,1,0,0,/5
703,A.J. Sager,29,SDP,NL,0,22,11,10,0,1,0,1,0,2,0,0,0,5,0.1,0.1,0.3,0.4,0,0.158,-44,3,0,0,1,0,0,1
704,Rey Sánchez,26,CHC,NL,1.3,96,323,291,26,83,13,1,0,24,2,5,20,29,0.285,0.345,0.337,0.682,80,0.323,89,98,9,7,4,1,4,465H
705,Scott Sanders,25,SDP,NL,0.1,23,41,32,0,4,0,0,0,1,0,0,3,16,0.125,0.2,0.125,0.325,-11,0.19,-27,4,0,0,6,0,0,1
706,Mackey Sasser*,31,SEA,AL,-0.1,3,4,4,0,0,0,0,0,0,0,0,0,0,0,0,0,0,-100,0,-140,0,0,0,0,0,0,/H27
707,Steve Sax,34,OAK,AL,0,7,24,24,2,6,0,1,0,1,0,0,0,2,0.25,0.25,0.333,0.583,55,0.254,44,8,0,0,0,0,0,/4H
708,Jeff Schaefer,34,OAK,AL,-0.2,6,8,8,0,1,0,0,0,0,0,0,0,1,0.125,0.125,0.125,0.25,-32,0.113,-52,1,0,0,0,0,0,/563H
709,Rich Scheid*,29,FLA,NL,-0.1,8,8,7,0,0,0,0,0,0,0,0,0,2,0,0,0,0,-100,0,-184,0,0,0,1,0,0,/1
710,Curt Schilling,27,PHI,NL,-0.2,13,30,28,0,3,0,0,0,1,0,0,1,10,0.107,0.138,0.107,0.245,-35,0.149,-48,3,1,0,1,0,0,1
711,Tim Scott,27,MON,NL,0,40,2,2,0,0,0,0,0,0,0,0,0,1,0,0,0,0,-100,0,-152,0,0,0,0,0,0,1
712,Rudy Seánez,25,LAD,NL,0,17,1,1,0,0,0,0,0,0,0,0,0,1,0,0,0,0,-100,0,-133,0,0,0,0,0,0,1
713,Frank Seminara,27,NYM,NL,0,10,3,3,0,0,0,0,0,0,0,0,0,1,0,0,0,0,-100,0,-146,0,0,0,0,0,0,1
714,Scott Service,27,CIN,NL,0,6,0,0,0,0,0,0,0,0,0,0,0,0,,,,,,,,0,0,0,0,0,0,/1
715,Jeff Shaw,27,MON,NL,0.1,46,9,7,1,2,0,0,0,0,0,0,1,2,0.286,0.375,0.286,0.661,76,0.314,72,2,0,0,1,0,0,1
716,Mike Simms,27,HOU,NL,-0.2,6,12,12,1,1,1,0,0,0,1,0,0,5,0.083,0.083,0.167,0.25,-35,0.125,-68,2,0,0,0,0,0,/9H
717,Duane Singleton*,21,MIL,AL,0,2,0,0,0,0,0,0,0,0,0,0,0,0,,,,,,,,0,0,0,0,0,0,/8
718,Heathcliff Slocumb,28,PHI,NL,0,52,5,4,0,1,0,0,0,2,0,0,0,2,0.25,0.25,0.25,0.5,30,0.225,-11,1,0,0,1,0,0,1
719,John Smiley*,29,CIN,NL,0.2,24,64,55,5,11,3,0,0,2,0,0,4,26,0.2,0.254,0.255,0.509,34,0.234,14,14,1,0,5,0,0,1
720,Lonnie Smith,38,BAL,AL,-0.3,35,72,59,13,12,3,0,0,2,1,0,11,18,0.203,0.333,0.254,0.588,52,0.316,69,15,2,1,0,1,0,DH/9
721,Zane Smith*,33,PIT,NL,0.1,26,59,57,2,12,1,0,0,2,0,0,0,11,0.211,0.211,0.228,0.439,14,0.196,-13,13,0,0,2,0,0,1/H
722,Pete Smith,28,NYM,NL,0.1,21,47,37,2,5,1,0,0,1,0,0,4,9,0.135,0.22,0.162,0.382,2,0.188,-29,6,0,0,6,0,0,1
723,Mark Smith,24,BAL,AL,-0.1,3,7,7,0,1,0,0,0,2,0,0,0,2,0.143,0.143,0.143,0.286,-27,0.13,-55,1,0,0,0,0,0,/9
724,Dan Smith*,25,TEX,AL,0,1,0,0,0,0,0,0,0,0,0,0,0,0,,,,,,,,0,0,0,0,0,0,1
725,Willie Smith,26,STL,NL,0,8,0,0,0,0,0,0,0,0,0,0,0,0,,,,,,,,0,0,0,0,0,0,/1
726,Tim Spehr,27,MON,NL,0.2,52,41,36,8,9,3,1,0,5,2,0,4,11,0.25,0.325,0.389,0.714,85,0.33,78,14,0,0,1,0,0,2H/7
727,Bill Spiers*,28,MIL,AL,0,73,237,214,27,54,10,1,0,17,7,1,19,42,0.252,0.316,0.308,0.625,60,0.292,52,66,5,1,3,0,1,56H/D93
728,Jerry Spradlin#,27,CIN,NL,0,6,0,0,0,0,0,0,0,0,0,0,0,0,,,,,,,,0,0,0,0,0,0,/1
729,Mike Stanton*,27,ATL,NL,0.1,49,4,3,0,2,0,0,0,1,0,0,0,0,0.667,0.667,0.667,1.333,248,0.6,337,2,0,0,1,0,0,1
730,Rick Sutcliffe*,38,STL,NL,-0.1,16,26,23,0,3,1,0,0,1,0,0,0,6,0.13,0.13,0.174,0.304,-21,0.133,-70,4,1,0,3,0,0,1
731,Bill Swift,32,SFG,NL,0.3,18,40,32,5,6,3,0,0,2,0,0,3,5,0.188,0.257,0.281,0.538,44,0.272,47,9,0,0,5,0,0,1/H
732,Greg Swindell,29,HOU,NL,0.3,24,56,44,1,11,3,0,0,0,0,0,0,14,0.25,0.25,0.318,0.568,51,0.249,18,14,0,0,12,0,0,1
733,Jeff Tabaka,30,2TM,NL,0.1,39,2,1,1,1,1,0,0,0,0,0,1,0,1,1,2,3,668,0.986,565,2,0,0,0,0,0,1
733,Jeff Tabaka,30,PIT,NL,0,5,0,0,0,0,0,0,0,0,0,0,0,0,,,,,,,,0,0,0,0,0,0,/1
733,Jeff Tabaka,30,SDP,NL,0.1,34,2,1,1,1,1,0,0,0,0,0,1,0,1,1,2,3,668,0.986,565,2,0,0,0,0,0,1
734,Jesús Tavárez#,23,FLA,NL,-0.4,17,41,39,4,7,0,0,0,4,1,1,1,5,0.179,0.2,0.179,0.379,0,0.191,-11,7,0,0,1,0,0,/9H87
735,Kerry Taylor,23,SDP,NL,0,1,2,2,0,0,0,0,0,0,0,0,0,1,0,0,0,0,-100,0,-148,0,0,0,0,0,0,/1
736,Billy Taylor,32,OAK,AL,0,1,0,0,0,0,0,0,0,0,0,0,0,0,,,,,,,,0,0,0,0,0,0,1
737,Dave Telgheder,27,NYM,NL,0,6,0,0,0,0,0,0,0,0,0,0,0,0,,,,,,,,0,0,0,0,0,0,/1
738,Bob Tewksbury,33,STL,NL,0,24,60,54,4,10,2,0,0,3,0,0,2,19,0.185,0.214,0.222,0.437,15,0.199,-11,12,1,0,4,0,0,1
739,Mark Thompson,23,COL,NL,-0.1,2,5,4,0,0,0,0,0,0,0,0,0,4,0,0,0,0,-100,0,-226,0,0,0,1,0,0,/1
740,Randy Tomlin*,28,PIT,NL,0.1,10,6,6,0,3,0,0,0,1,0,0,0,2,0.5,0.5,0.5,1,162,0.45,173,3,0,0,0,0,0,1
741,Salomón Torres,22,SFG,NL,-0.1,16,29,26,2,4,0,0,0,0,0,0,0,12,0.154,0.154,0.154,0.308,-17,0.138,-59,4,0,0,3,0,0,1
742,Steve Trachsel,23,CHC,NL,-0.1,22,52,43,3,8,1,0,0,2,0,1,0,9,0.186,0.205,0.209,0.414,9,0.177,-32,9,2,1,8,0,0,1
743,Jeff Treadway*,31,LAD,NL,0.2,52,78,67,14,20,3,0,0,5,1,1,5,8,0.299,0.351,0.343,0.695,88,0.337,102,23,1,1,4,1,0,H4/5
744,Tom Urbani*,26,STL,NL,0.2,20,29,24,1,6,0,0,0,1,0,0,2,5,0.25,0.308,0.25,0.558,50,0.262,35,6,0,0,3,0,0,1
745,Ismael Valdéz,20,LAD,NL,0,21,2,2,0,0,0,0,0,0,0,0,0,1,0,0,0,0,-100,0,-143,0,0,0,0,0,0,1
746,Fernando Valenzuela*,33,PHI,NL,0.1,8,16,12,0,3,1,0,0,0,0,0,0,2,0.25,0.25,0.333,0.583,50,0.255,9,4,0,0,4,0,0,/1
747,Ty Van Burkleo*,30,COL,NL,-0.1,2,5,5,0,0,0,0,0,0,0,0,0,1,0,0,0,0,-100,0,-159,0,0,0,0,0,0,/3H
748,William VanLandingham,23,SFG,NL,-0.2,16,35,31,1,2,0,0,0,1,0,0,0,17,0.065,0.065,0.065,0.129,-65,0.088,-101,2,0,0,4,0,0,1
749,Gary Varsho*,33,PIT,NL,-0.4,67,90,82,15,21,6,3,0,5,0,1,4,19,0.256,0.307,0.402,0.709,83,0.312,77,33,1,2,2,0,1,H79/83
750,Dave Veres,27,HOU,NL,0.1,32,4,2,0,1,0,0,0,0,0,0,1,1,0.5,0.667,0.5,1.167,218,0.537,289,1,0,0,1,0,0,1
751,Randy Veres,28,CHC,NL,0,10,1,1,0,0,0,0,0,0,0,0,0,0,0,0,0,0,-100,0,-142,0,0,0,0,0,0,1
752,Fernando Viña*,25,NYM,NL,0,79,150,124,20,31,6,0,0,6,3,1,12,11,0.25,0.372,0.298,0.67,79,0.341,96,37,4,12,2,0,0,H45/67
753,Paul Wagner,26,PIT,NL,-0.1,29,39,37,1,6,1,0,0,2,0,0,0,10,0.162,0.162,0.189,0.351,-9,0.156,-45,7,1,0,2,0,0,1
754,Bruce Walton,31,COL,NL,0,4,0,0,0,0,0,0,0,0,0,0,0,0,,,,,,,,0,0,0,0,0,0,/1
755,Allen Watson*,23,STL,NL,0.2,22,46,38,3,6,2,1,0,5,0,0,1,4,0.158,0.179,0.263,0.443,15,0.216,-7,10,0,0,7,0,0,1
756,Gary Wayne*,31,LAD,NL,0,19,1,1,0,0,0,0,0,0,0,0,0,0,0,0,0,0,-100,0,-133,0,0,0,0,0,0,1
757,David Weathers,24,FLA,NL,-0.3,26,51,44,2,3,0,0,0,0,0,0,3,25,0.068,0.128,0.068,0.196,-47,0.103,-91,3,0,0,4,0,0,1/H
758,Eric Wedge,26,BOS,AL,-0.2,2,7,6,0,0,0,0,0,0,0,0,1,3,0,0.143,0,0.143,-59,0.104,-71,0,0,0,0,0,0,/D
759,John Wehner,27,PIT,NL,-0.1,2,4,4,1,1,1,0,0,3,0,0,0,1,0.25,0.25,0.5,0.75,89,0.315,77,2,0,0,0,0,0,/5H
760,Bob Welch,37,OAK,AL,0,1,1,1,0,0,0,0,0,0,0,0,0,0,0,0,0,0,-100,0,-131,0,1,0,0,0,0,1/H
761,Bob Wells,27,PHI,NL,0,6,0,0,0,0,0,0,0,0,0,0,0,0,,,,,,,,0,0,0,0,0,0,/1
762,Turk Wendell#,27,CHC,NL,0,6,3,2,0,0,0,0,0,0,0,0,1,0,0,0.333,0,0.333,-2,0.238,23,0,0,0,0,0,0,/1
763,David West*,29,PHI,NL,-0.3,31,29,28,1,2,0,0,0,0,0,0,0,12,0.071,0.071,0.071,0.143,-63,0.064,-110,2,1,0,1,0,0,1
764,John Wetteland,27,MON,NL,0,52,5,4,0,1,0,0,0,1,0,0,0,1,0.25,0.25,0.25,0.5,31,0.225,-9,1,0,0,1,0,0,1
765,Gabe White*,22,MON,NL,0,7,6,4,0,0,0,0,0,0,0,0,1,1,0,0.2,0,0.2,-42,0.143,-75,0,0,0,1,0,0,/1
766,Rick White,25,PIT,NL,-0.1,43,14,13,0,1,0,0,0,0,0,0,0,4,0.077,0.143,0.077,0.22,-40,0.117,-65,1,0,1,0,0,0,1
767,Wally Whitehurst,30,SDP,NL,0,13,22,19,0,2,0,0,0,0,0,0,3,8,0.105,0.227,0.105,0.333,-8,0.179,-17,2,0,0,0,0,0,1
768,Matt Whiteside,26,TEX,AL,0,1,0,0,0,0,0,0,0,0,0,0,0,0,,,,,,,,0,0,0,0,0,0,1
769,Darrell Whitmore*,25,FLA,NL,0.2,9,25,22,1,5,1,0,0,0,0,1,3,5,0.227,0.32,0.273,0.593,56,0.259,50,6,0,0,0,0,0,/7H9
770,Mitch Williams*,29,HOU,NL,0,25,0,0,0,0,0,0,0,0,0,0,0,0,,,,,,,,0,0,0,0,0,0,1
771,Brian Williams,25,HOU,NL,0.2,20,28,23,0,6,0,0,0,3,0,0,0,4,0.261,0.261,0.261,0.522,40,0.235,9,6,0,0,5,0,0,1
772,Mike Williams,25,PHI,NL,0,12,17,12,1,2,1,0,0,3,0,0,0,7,0.167,0.167,0.25,0.417,6,0.18,-72,3,0,0,5,0,0,1
773,Willie Wilson#,38,CHC,NL,-0.2,17,23,21,4,5,0,2,0,0,1,0,1,6,0.238,0.273,0.429,0.701,80,0.31,65,9,0,0,1,0,0,8H
774,Bobby Witt,30,OAK,AL,0,1,0,0,0,0,0,0,0,0,0,0,0,0,,,,,,,,0,0,0,0,0,0,1/H
775,Mark Wohlers,24,ATL,NL,0.3,51,2,1,1,1,0,0,0,0,0,0,0,0,1,1,1,2,422,1.816,2133,1,0,0,1,0,0,1
776,Tony Womack*,24,PIT,NL,0.1,5,14,12,4,4,0,0,0,1,0,0,2,3,0.333,0.429,0.333,0.762,102,0.359,107,4,0,0,0,0,0,/46
777,Brad Woodall#,25,ATL,NL,0,1,2,2,0,1,0,0,0,0,0,0,0,0,0.5,0.5,0.5,1,161,0.45,174,1,0,0,0,0,0,/1
778,Tim Worrell,26,SDP,NL,0.1,3,4,2,1,1,0,0,0,0,0,0,1,1,0.5,0.667,0.5,1.167,216,0.537,286,1,0,0,1,0,0,/1
779,Todd Worrell,34,LAD,NL,0,38,0,0,0,0,0,0,0,0,0,0,0,0,,,,,,,,0,0,0,0,0,0,1
780,Gerald Young#,29,STL,NL,0.3,16,44,41,5,13,3,2,0,3,2,1,3,8,0.317,0.364,0.488,0.851,122,0.369,118,20,1,0,0,0,0,/8H79
781,Anthony Young,28,CHC,NL,-0.1,20,39,34,3,6,1,0,0,4,0,0,0,11,0.176,0.176,0.206,0.382,0,0.169,-44,7,1,0,5,0,0,1
782,Ernie Young,24,OAK,AL,-0.1,11,31,30,2,2,1,0,0,3,0,0,1,8,0.067,0.097,0.1,0.197,-47,0.093,-66,3,1,0,0,0,0,/78H9D
,League Average,,,,,,,,,,,,,,,,,,0.27,0.339,0.424,0.763,100,0.345,100,,,,,,,
