Rk,Name,Age,Tm,IP,PAu,G,PA,AB,R,H,2B,3B,HR,SB,CS,BB,SO,BA,OBP,SLG,OPS,BAbip,TB,GDP,HBP,SH,SF,IBB,ROE
1,Jim Abbott*,26,NYY,160.1,,24,692,612,88,167,36,2,24,13,7,64,90,0.273,0.341,0.456,0.797,0.284,279,19,2,9,5,1,8
2,Mark Acre,25,OAK,34.1,1,34,147,119,13,24,6,1,4,1,3,23,21,0.202,0.333,0.37,0.703,0.211,44,3,1,3,1,3,2
3,Rick Aguilera,32,MIN,44.2,,44,201,186,23,57,5,0,7,3,0,10,46,0.306,0.34,0.446,0.786,0.373,83,1,0,4,1,3,3
4,Wilson Álvarez*,24,CHW,161.2,,24,682,611,72,147,21,0,16,3,4,62,108,0.241,0.309,0.354,0.663,0.267,216,13,0,6,3,1,9
5,Larry Andersen,41,PHI,32.2,,29,147,129,20,33,7,1,2,4,0,15,27,0.256,0.333,0.372,0.705,0.31,48,3,0,3,0,3,5
6,Brian Anderson*,22,CAL,101.2,,18,441,400,63,120,36,0,13,4,5,27,47,0.3,0.347,0.488,0.835,0.309,195,10,5,3,6,0,2
7,Kevin Appier,26,KCR,155,,23,653,570,68,137,22,6,11,14,6,63,145,0.24,0.317,0.358,0.675,0.299,204,10,4,9,7,7,8
8,Luis Aquino,30,FLA,50.2,,29,214,186,22,39,8,2,3,4,0,22,22,0.21,0.3,0.323,0.623,0.221,60,1,3,1,2,4,3
9,Jack Armstrong,29,TEX,10,,2,41,39,4,9,2,0,3,0,0,2,7,0.231,0.268,0.513,0.781,0.207,20,0,0,0,0,0,0
10,René Arocha,30,STL,83,,45,360,328,42,94,23,3,9,5,5,21,62,0.287,0.336,0.457,0.793,0.329,150,4,4,5,1,4,2
11,Andy Ashby,26,SDP,164.1,,24,682,622,75,145,29,4,16,27,2,43,121,0.233,0.285,0.37,0.654,0.264,230,11,3,11,3,12,12
12,Paul Assenmacher*,33,CHW,33,,44,134,116,13,26,5,0,2,3,0,13,29,0.224,0.301,0.319,0.62,0.273,37,4,1,1,3,2,2
13,Pedro Astacio,25,LAD,149,,23,625,563,77,142,30,4,18,8,5,47,108,0.252,0.312,0.416,0.727,0.281,234,14,4,6,5,4,8
14,Joe Ausanio,28,NYY,15.2,,13,69,63,9,16,1,0,3,2,0,6,15,0.254,0.319,0.413,0.732,0.289,26,0,0,0,0,0,0
15,Steve Avery*,24,ATL,151.2,,24,628,559,71,127,34,0,15,14,3,55,122,0.227,0.298,0.369,0.667,0.262,206,8,4,4,6,4,1
16,Bobby Ayala,24,SEA,56.2,1,46,236,207,25,42,7,0,2,2,0,26,76,0.203,0.289,0.266,0.555,0.305,55,4,0,1,2,0,4
17,Cory Bailey,23,BOS,4.1,,5,24,21,6,10,2,0,2,0,0,3,4,0.476,0.542,0.857,1.399,0.533,18,2,0,0,0,1,0
18,Jeff Ballard*,30,PIT,24.1,,28,112,99,19,32,7,2,5,1,0,10,11,0.323,0.387,0.586,0.973,0.321,58,3,1,1,1,3,0
19,Scott Bankhead,30,BOS,37.2,,27,156,142,21,34,4,1,5,4,1,12,25,0.239,0.295,0.387,0.682,0.254,55,2,0,0,2,3,1
20,Willie Banks,25,CHC,138.1,,23,598,533,88,139,21,4,16,6,7,56,91,0.261,0.332,0.405,0.737,0.287,216,15,2,5,2,3,8
21,Brian Barnes*,27,TOT,18.1,,11,96,76,14,22,3,1,3,2,0,19,10,0.289,0.427,0.474,0.901,0.297,36,0,0,0,1,3,1
22,Brian Barnes*,27,CLE,13.1,,6,67,51,10,12,0,0,2,2,0,15,5,0.235,0.403,0.353,0.756,0.222,18,0,0,0,1,2,0
23,Brian Barnes*,27,LAD,5,,5,29,25,4,10,3,1,1,0,0,4,5,0.4,0.483,0.72,1.203,0.474,18,0,0,0,0,1,1
24,José Bautista,29,CHC,69.1,,58,293,264,30,75,7,1,10,6,3,17,45,0.284,0.33,0.432,0.762,0.305,114,6,3,5,4,7,0
25,Rod Beck,25,SFG,48.2,,48,207,188,17,49,6,1,10,2,1,13,39,0.261,0.304,0.463,0.767,0.275,87,0,0,3,3,2,1
26,Steve Bedrosian,36,ATL,46,,46,196,169,20,41,10,0,4,8,1,18,43,0.243,0.319,0.373,0.692,0.298,63,4,2,5,2,5,3
27,Tim Belcher,32,DET,162,,25,750,662,124,192,40,7,21,17,5,78,76,0.29,0.367,0.467,0.834,0.301,309,12,4,3,3,10,12
28,Stan Belinda,27,KCR,49,,37,220,188,36,47,14,2,6,4,1,24,37,0.25,0.345,0.441,0.787,0.277,83,3,5,0,3,3,5
29,Andy Benes,26,SDP,172.1,,25,717,653,82,155,35,6,20,12,9,51,189,0.237,0.293,0.401,0.694,0.303,262,7,1,11,1,2,12
30,Armando Benítez,21,BAL,10,,3,42,37,1,8,1,0,0,0,1,4,14,0.216,0.31,0.243,0.553,0.348,9,0,1,0,0,0,0
31,Jason Bere,23,CHW,141.2,,24,608,519,65,119,22,1,17,25,7,80,127,0.229,0.331,0.374,0.705,0.269,194,13,1,4,4,0,4
32,Sean Bergman,24,DET,17.2,,3,82,73,11,22,5,0,2,1,1,7,12,0.301,0.366,0.452,0.818,0.333,33,0,1,0,1,0,0
33,Mike Bielecki,34,ATL,27,,19,115,101,12,28,2,1,2,6,3,12,18,0.277,0.36,0.376,0.736,0.321,38,3,1,1,0,1,0
34,Bud Black*,37,SFG,54.1,,10,227,204,31,50,14,1,9,4,3,16,28,0.245,0.307,0.456,0.763,0.243,93,2,3,2,2,1,3
35,Willie Blair,28,COL,77.2,,47,365,318,57,98,16,5,9,3,5,39,68,0.308,0.39,0.475,0.864,0.368,151,8,4,3,1,3,7
36,Joe Boever,33,DET,81.1,,46,349,304,40,80,10,1,12,13,4,37,49,0.263,0.345,0.421,0.766,0.278,128,8,2,4,2,12,1
37,Brian Bohanon*,25,TEX,37.1,,11,169,159,31,51,9,0,7,3,0,8,26,0.321,0.357,0.509,0.867,0.349,81,2,1,1,0,1,1
38,Tom Bolton*,32,BAL,23.1,,22,109,94,15,29,8,0,3,5,1,13,12,0.309,0.389,0.489,0.878,0.325,46,3,0,1,1,1,1
39,Ricky Bones,25,MIL,170.2,,24,708,651,76,166,37,5,17,4,5,45,57,0.255,0.304,0.406,0.71,0.256,264,17,3,4,5,1,12
40,Toby Borland,25,PHI,34.1,,24,144,125,10,31,3,1,1,1,1,14,26,0.248,0.343,0.312,0.655,0.306,39,5,4,1,0,3,0
41,Chris Bosio,31,SEA,125,,19,546,495,72,137,31,2,15,6,4,40,67,0.277,0.33,0.438,0.768,0.291,217,10,2,3,6,3,8
42,Shawn Boskie,27,TOT,90.2,,22,394,355,58,92,18,0,15,5,3,30,61,0.259,0.32,0.437,0.756,0.273,155,4,3,2,3,3,8
43,Shawn Boskie,27,TOT,88,,20,381,343,56,88,17,0,14,5,3,29,61,0.257,0.317,0.429,0.746,0.273,147,3,3,2,3,2,7
44,Shawn Boskie,27,CHC,3.2,,2,14,14,0,3,2,0,0,0,0,0,2,0.214,0.214,0.357,0.571,0.25,5,0,0,0,0,0,0
45,Shawn Boskie,27,PHI,84.1,,18,367,329,56,85,15,0,14,5,3,29,59,0.258,0.321,0.432,0.753,0.274,142,3,3,2,3,2,7
46,Shawn Boskie,27,SEA,2.2,,2,13,12,2,4,1,0,1,0,0,1,0,0.333,0.385,0.667,1.051,0.273,8,1,0,0,0,1,1
47,Ricky Bottalico,24,PHI,3,,3,13,12,0,3,0,0,0,0,0,1,3,0.25,0.308,0.25,0.558,0.333,3,0,0,0,0,0,0
48,Kent Bottenfield,25,TOT,26.1,,16,121,108,18,33,6,4,2,1,0,10,15,0.306,0.375,0.491,0.866,0.341,53,3,2,1,0,0,0
49,Kent Bottenfield,25,COL,24.2,,15,112,99,16,28,4,4,1,1,0,10,15,0.283,0.36,0.434,0.795,0.325,43,2,2,1,0,0,0
50,Kent Bottenfield,25,SFG,1.2,,1,9,9,2,5,2,0,1,0,0,0,0,0.556,0.556,1.111,1.667,0.5,10,1,0,0,0,0,0
51,Denis Boucher*,26,MON,18.2,,10,84,74,16,24,3,1,6,0,2,7,17,0.324,0.378,0.635,1.013,0.346,47,2,0,2,1,0,1
52,Ryan Bowen,26,FLA,47.1,,8,208,183,28,50,10,1,9,3,3,19,32,0.273,0.345,0.486,0.831,0.285,89,5,2,2,2,0,2
53,Jeff Brantley,30,CIN,65.1,,50,262,228,20,46,6,1,6,3,2,28,63,0.202,0.288,0.316,0.604,0.25,72,3,0,5,1,5,0
54,Billy Brewer*,26,KCR,38.2,,50,157,135,11,28,4,2,4,2,2,16,25,0.207,0.297,0.356,0.652,0.222,48,4,2,2,2,1,1
55,Brad Brink,29,SFG,8.1,,4,32,28,1,4,2,0,1,0,0,4,3,0.143,0.25,0.321,0.571,0.125,9,1,0,0,0,1,0
56,John Briscoe,26,OAK,49.1,,37,210,168,24,31,4,0,7,1,1,39,45,0.185,0.34,0.333,0.673,0.205,56,6,1,1,1,2,3
57,Doug Brocail,27,SDP,17,,12,78,69,13,21,5,3,1,1,0,5,11,0.304,0.364,0.507,0.871,0.345,35,2,2,1,1,3,2
58,Jeff Bronkey,28,MIL,20.2,,16,93,81,10,20,4,0,3,4,0,12,13,0.247,0.344,0.407,0.751,0.262,33,2,0,0,0,4,1
59,Scott Brow,25,TOR,29,,18,141,118,27,34,4,0,4,3,2,19,15,0.288,0.386,0.424,0.809,0.297,50,7,1,1,2,2,6
60,Kevin Brown,29,TEX,170,,26,760,695,109,218,30,7,18,7,9,50,123,0.314,0.361,0.455,0.816,0.357,316,23,6,2,7,3,14
61,Tom Browning*,34,CIN,40.2,,7,169,153,20,34,2,0,8,2,1,13,22,0.222,0.284,0.392,0.676,0.208,60,2,1,0,2,1,3
62,Duff Brumley,23,TEX,3.1,,2,22,15,6,6,2,0,1,0,0,5,4,0.4,0.5,0.733,1.233,0.417,11,0,0,0,2,0,1
63,Gary Buckels,28,STL,12,,10,51,43,5,8,3,0,2,1,0,7,9,0.186,0.3,0.395,0.695,0.188,17,1,0,1,0,1,2
64,Jim Bullinger,28,CHC,100,,33,412,371,43,87,17,4,6,11,5,34,72,0.235,0.298,0.35,0.649,0.274,130,6,1,3,3,2,4
65,Dave Burba,27,SFG,74,,57,322,267,39,59,16,2,5,5,4,45,84,0.221,0.345,0.352,0.697,0.302,94,5,6,3,1,3,1
66,John Burkett,29,SFG,159.1,2,25,676,616,72,176,39,0,14,13,6,36,85,0.286,0.33,0.417,0.747,0.31,257,13,7,12,5,7,5
67,Terry Burrows*,25,TEX,1,,1,5,4,1,1,0,0,1,0,0,1,0,0.25,0.4,1,1.4,0,4,0,0,0,0,0,0
68,Mike Butcher,29,CAL,29.2,,33,140,113,24,31,7,1,2,3,1,23,19,0.274,0.406,0.407,0.813,0.315,46,5,2,2,0,5,3
69,Greg Cadaret*,32,TOT,40,,38,191,158,24,41,7,0,4,7,2,33,29,0.259,0.387,0.38,0.767,0.296,60,3,0,0,0,5,3
70,Greg Cadaret*,32,TOR,20,,21,100,83,15,24,1,0,4,2,1,17,15,0.289,0.41,0.446,0.856,0.313,37,2,0,0,0,2,1
71,Greg Cadaret*,32,DET,20,,17,91,75,9,17,6,0,0,5,1,16,14,0.227,0.363,0.307,0.669,0.279,23,1,0,0,0,3,2
72,Kevin Campbell,29,MIN,24.2,,14,97,86,8,20,5,0,2,1,1,5,15,0.233,0.274,0.36,0.634,0.25,31,1,1,2,3,0,1
73,Mike Campbell,30,SDP,8.1,,3,43,37,12,13,2,0,5,3,0,5,10,0.351,0.429,0.811,1.239,0.364,30,0,0,1,0,0,0
74,Tom Candiotti,37,LAD,153,,23,652,576,77,149,31,5,9,16,5,54,102,0.259,0.323,0.377,0.7,0.296,217,12,5,9,8,2,6
75,Cris Carpenter,29,TEX,59,,47,263,237,35,69,10,1,7,2,3,20,39,0.291,0.342,0.43,0.773,0.32,102,4,0,3,3,7,6
76,Héctor Carrasco,24,CIN,56.1,,45,237,200,17,42,4,1,3,3,1,30,41,0.21,0.319,0.285,0.604,0.25,57,7,2,5,0,1,2
77,Andy Carter*,25,PHI,34.1,,20,149,127,18,34,9,0,5,4,0,12,18,0.268,0.351,0.457,0.808,0.271,58,5,6,1,3,2,0
78,Larry Casian*,28,TOT,49,,40,231,204,43,73,12,2,12,0,2,16,20,0.358,0.406,0.613,1.019,0.351,125,3,2,7,2,3,1
79,Larry Casian*,28,MIN,40.2,,33,188,166,34,57,12,2,11,0,2,12,18,0.343,0.39,0.639,1.029,0.331,106,2,2,6,2,2,1
80,Larry Casian*,28,CLE,8.1,,7,43,38,9,16,0,0,1,0,0,4,2,0.421,0.476,0.5,0.976,0.429,19,1,0,1,0,1,0
81,Frank Castillo,25,CHC,23,,4,96,90,13,25,3,1,3,4,0,5,19,0.278,0.316,0.433,0.749,0.324,39,4,0,1,0,0,2
82,Juan Castillo,24,NYM,11.2,,2,54,47,9,17,3,2,2,2,1,5,1,0.362,0.423,0.638,1.061,0.341,30,2,0,2,0,0,0
83,Tony Castillo*,31,TOR,68,,41,291,254,22,66,9,1,7,6,2,28,43,0.26,0.337,0.386,0.723,0.285,98,7,3,3,3,1,0
84,Frank Cimorelli,25,STL,13.1,,11,73,58,14,20,8,1,0,1,0,10,1,0.345,0.444,0.517,0.962,0.339,30,1,2,1,2,2,3
85,Mark Clark,26,CLE,127.1,,20,540,487,61,133,20,3,14,5,6,40,60,0.273,0.329,0.413,0.742,0.283,201,15,4,2,7,0,8
86,Roger Clemens,31,BOS,170.2,,24,692,609,62,124,25,2,15,14,13,71,168,0.204,0.289,0.325,0.614,0.253,198,12,4,2,5,1,7
87,David Cone,31,KCR,171.2,,23,690,623,60,130,28,2,15,9,4,54,132,0.209,0.277,0.332,0.609,0.239,207,11,7,1,5,0,5
88,Jim Converse,22,SEA,48.2,,13,253,207,49,73,12,6,5,3,4,40,39,0.353,0.454,0.541,0.995,0.41,112,3,1,2,3,4,1
89,Dennis Cook*,31,CHW,33,,38,143,126,17,29,4,0,4,1,1,14,26,0.23,0.307,0.357,0.664,0.26,45,2,0,3,0,3,5
90,Steve Cooke*,24,PIT,134.1,,25,590,527,79,157,29,4,21,14,3,46,74,0.298,0.358,0.488,0.846,0.313,257,17,5,9,3,7,7
91,Rheal Cormier*,27,STL,39.2,,7,169,156,24,40,10,2,6,1,1,7,26,0.256,0.298,0.462,0.759,0.27,72,3,3,1,2,0,3
92,Brad Cornett,25,TOR,31,,9,141,121,25,40,10,3,1,1,2,11,22,0.331,0.394,0.488,0.882,0.39,59,3,3,4,2,2,2
93,Danny Cox,34,TOR,18.2,,10,72,62,3,7,1,0,0,3,1,7,14,0.113,0.211,0.129,0.34,0.143,8,0,1,1,1,1,2
94,Chuck Crim,32,CHC,64.1,,49,283,254,36,69,9,1,9,8,1,24,43,0.272,0.337,0.421,0.758,0.297,107,4,1,3,0,6,3
95,John Cummings*,25,SEA,64,,17,285,244,43,66,10,0,7,3,2,37,33,0.27,0.363,0.398,0.76,0.285,97,8,0,1,3,2,2
96,Jim Czajkowski,30,COL,8.2,,5,42,32,4,9,1,0,2,0,0,6,2,0.281,0.439,0.5,0.939,0.25,16,1,3,1,0,1,0
97,Omar Daal*,22,LAD,13.2,,24,55,49,5,12,3,0,1,1,0,5,9,0.245,0.315,0.367,0.682,0.282,18,4,0,1,0,0,0
98,Ron Darling,33,OAK,160,5,25,682,606,89,162,28,3,18,7,6,59,108,0.267,0.337,0.413,0.749,0.297,250,21,7,5,5,3,7
99,Danny Darwin,38,BOS,75.2,,13,350,319,54,101,22,2,13,6,0,24,54,0.317,0.361,0.52,0.881,0.342,166,3,1,1,5,6,2
100,Jeff Darwin,24,SEA,4,,2,22,18,6,7,1,0,1,0,0,3,1,0.389,0.5,0.611,1.111,0.375,11,0,1,0,0,1,0
101,Mark Davis*,33,SDP,16.1,,20,81,67,18,20,2,0,4,2,0,13,15,0.299,0.413,0.507,0.92,0.333,34,1,0,1,0,1,1
102,Storm Davis,32,DET,48,,35,212,174,23,36,7,2,3,7,0,34,38,0.207,0.335,0.322,0.657,0.246,56,4,0,3,1,7,2
103,Tim Davis*,23,SEA,49.1,,42,225,193,25,57,9,0,4,2,2,25,28,0.295,0.374,0.404,0.778,0.323,78,6,1,3,3,5,3
104,José de Jesús,29,KCR,26.2,,5,112,98,14,27,6,1,2,5,1,13,12,0.276,0.36,0.418,0.779,0.298,41,4,0,1,0,0,0
105,José DeLeón,33,CHW,67,,42,288,240,28,48,10,1,5,4,0,31,67,0.2,0.301,0.313,0.614,0.249,75,2,6,6,5,5,5
106,Rich DeLucia,29,CIN,10.2,,8,47,42,6,9,2,0,4,0,0,5,15,0.214,0.298,0.548,0.845,0.217,23,0,0,0,0,0,0
107,Jim Deshaies*,34,MIN,130.1,,25,596,530,109,170,39,5,30,18,8,54,78,0.321,0.382,0.583,0.965,0.328,309,10,2,5,5,0,3
108,John Dettmer,24,TEX,54,,11,250,220,42,63,13,3,10,3,1,20,27,0.286,0.347,0.509,0.856,0.282,112,2,3,2,5,3,8
109,Mark Dewey,29,PIT,51.1,,45,226,201,22,61,10,2,4,3,2,19,30,0.303,0.371,0.433,0.803,0.339,87,7,3,2,1,3,3
110,Jerry Dipoto,26,CLE,15.2,,7,79,64,14,26,4,0,1,2,1,10,9,0.406,0.468,0.516,0.984,0.431,33,3,1,0,4,0,1
111,Steve Dixon*,24,STL,2.1,,2,18,9,6,3,1,0,0,1,0,8,1,0.333,0.611,0.444,1.056,0.333,4,0,0,0,1,0,0
112,John Doherty,27,DET,101.1,,18,454,413,75,139,30,0,13,0,4,26,28,0.337,0.374,0.504,0.878,0.332,208,15,3,5,7,6,5
113,John Dopson,30,CAL,58.2,,21,264,233,41,67,14,0,6,4,1,26,33,0.288,0.365,0.425,0.79,0.313,99,6,3,1,1,3,2
114,Doug Drabek,31,HOU,164.2,,23,657,599,58,132,22,1,14,13,5,45,121,0.22,0.275,0.331,0.605,0.251,198,13,2,5,6,2,9
115,Brian Drahman,27,FLA,13,,9,59,50,9,15,1,1,2,1,0,6,7,0.3,0.362,0.48,0.842,0.302,24,2,0,1,2,1,1
116,Darren Dreifort,22,LAD,29,,27,148,126,21,45,6,1,0,3,3,15,22,0.357,0.441,0.421,0.862,0.433,53,3,4,3,0,3,3
117,Steve Dreyer,24,TEX,17.1,,5,80,70,15,19,3,1,1,1,1,8,11,0.271,0.35,0.386,0.736,0.305,27,1,1,0,1,0,0
118,Mike Dyer,27,PIT,15.1,,14,74,56,12,15,3,0,1,5,1,12,13,0.268,0.411,0.375,0.786,0.318,21,2,3,1,2,4,1
119,Dennis Eckersley,39,OAK,44.1,,45,193,178,26,49,11,3,5,4,1,13,47,0.275,0.328,0.455,0.783,0.349,81,4,1,1,0,2,2
120,Tom Edens,33,TOT,54,,42,231,205,26,59,18,2,3,7,2,18,39,0.288,0.346,0.439,0.786,0.337,90,5,2,3,3,4,0
121,Tom Edens,33,HOU,50,,39,214,190,25,55,16,2,3,7,2,17,38,0.289,0.349,0.442,0.791,0.342,84,5,2,2,3,4,0
122,Tom Edens,33,PHI,4,,3,17,15,1,4,2,0,0,0,0,1,1,0.267,0.313,0.4,0.713,0.286,6,0,0,1,0,0,0
123,Mark Eichhorn,33,BAL,71,,43,290,258,19,62,14,1,1,4,1,19,35,0.24,0.301,0.314,0.615,0.27,81,9,5,4,4,4,4
124,Joey Eischen*,24,MON,0.2,,1,7,6,4,4,1,0,0,0,0,0,1,0.667,0.714,0.833,1.548,0.8,5,0,1,0,0,0,0
125,Cal Eldred,26,MIL,179,,25,769,669,96,158,38,1,23,28,5,84,98,0.236,0.322,0.399,0.721,0.243,267,10,4,5,7,0,4
126,Donnie Elliott,25,SDP,33,,30,148,124,12,31,4,0,3,7,0,21,24,0.25,0.363,0.355,0.718,0.289,44,4,1,2,0,2,1
127,Scott Erickson,26,MIN,144,,23,654,579,95,173,38,2,15,14,8,59,104,0.299,0.37,0.449,0.819,0.341,260,13,9,3,4,0,5
128,Bryan Eversgerd*,25,STL,67.2,,40,283,254,36,75,12,1,8,1,3,20,47,0.295,0.349,0.445,0.794,0.333,113,13,2,5,2,1,1
129,Héctor Fajardo,23,TEX,83.1,,18,370,334,67,95,17,5,15,2,2,26,45,0.284,0.336,0.5,0.836,0.288,167,4,2,4,4,0,4
130,Steve Farr,37,TOT,28.1,,30,143,119,21,41,7,0,5,2,2,18,20,0.345,0.436,0.529,0.965,0.379,63,2,2,2,1,1,0
131,Steve Farr,37,CLE,15.1,,19,79,61,12,17,3,0,3,0,1,15,12,0.279,0.43,0.475,0.906,0.298,29,0,2,0,1,1,0
132,Steve Farr,37,BOS,13,,11,64,58,9,24,4,0,2,2,1,3,8,0.414,0.443,0.586,1.029,0.458,34,2,0,2,0,0,0
133,John Farrell,31,CAL,13,,3,61,52,14,16,3,0,2,3,0,8,10,0.308,0.41,0.481,0.891,0.35,25,1,1,0,0,0,0
134,Jeff Fassero*,31,MON,138.2,,21,569,519,54,119,21,1,13,11,4,40,119,0.229,0.285,0.349,0.633,0.272,181,7,1,7,2,4,5
135,Alex Fernandez,24,CHW,170.1,2,24,712,651,83,163,26,3,25,6,6,50,122,0.25,0.302,0.415,0.717,0.271,270,12,1,4,6,4,9
136,Sid Fernandez*,31,BAL,115.1,,19,494,439,66,109,25,4,27,8,3,46,95,0.248,0.32,0.508,0.828,0.256,223,10,2,4,3,2,4
137,Mike Fetters,29,MIL,46,,42,202,169,16,41,7,0,0,4,0,27,31,0.243,0.345,0.284,0.629,0.291,48,7,1,2,3,5,3
138,Chuck Finley*,31,CAL,183.1,,25,774,685,95,178,38,2,21,20,9,71,148,0.26,0.329,0.413,0.743,0.301,283,17,3,9,6,0,3
139,Gar Finnvold,26,BOS,36.1,,8,167,148,27,45,6,2,4,10,3,15,17,0.304,0.377,0.453,0.83,0.32,67,5,3,0,1,0,4
140,Dave Fleming*,24,SEA,117,,23,561,488,93,152,30,4,17,7,3,65,65,0.311,0.391,0.494,0.885,0.33,241,8,1,4,3,4,10
141,Bryce Florie,24,SDP,9.1,,9,37,33,1,8,1,1,0,1,1,3,8,0.242,0.297,0.333,0.631,0.308,11,1,0,0,1,0,0
142,Tim Fortugno*,32,CIN,30,,25,132,111,14,32,10,0,2,4,1,14,29,0.288,0.38,0.432,0.812,0.37,48,1,3,3,1,0,2
143,Tony Fossas*,36,BOS,34,,44,151,133,18,35,8,1,6,1,0,15,31,0.263,0.342,0.474,0.816,0.302,63,4,1,2,0,1,3
144,Kevin Foster,25,CHC,81,,13,337,299,31,70,16,0,7,10,6,35,75,0.234,0.315,0.358,0.673,0.289,107,6,1,1,1,1,3
145,John Franco*,33,NYM,50,,47,216,193,20,47,7,1,2,1,1,19,42,0.244,0.313,0.321,0.634,0.3,62,6,1,2,1,0,6
146,John Frascatore,24,STL,3.1,,1,18,16,6,7,2,0,2,0,1,2,2,0.438,0.5,0.938,1.438,0.417,15,0,0,0,0,0,0
147,Willie Fraser,30,FLA,12.1,,9,63,54,9,20,3,0,1,0,0,6,7,0.37,0.426,0.481,0.908,0.404,26,3,0,2,1,3,2
148,Marvin Freeman,31,COL,112.2,,19,465,432,39,113,20,2,10,13,5,23,67,0.262,0.306,0.387,0.692,0.289,167,13,5,4,1,2,7
149,Steve Frey*,30,SFG,31,,44,137,115,17,37,9,0,6,5,0,15,20,0.322,0.397,0.557,0.954,0.333,64,8,2,1,4,3,0
150,Todd Frohwirth,31,BOS,26.2,,22,141,118,36,40,7,1,3,3,0,17,13,0.339,0.431,0.492,0.922,0.363,58,3,2,4,0,2,4
151,Keith Garagozzo*,24,MIN,9.1,,7,48,33,10,9,2,0,3,1,1,13,3,0.273,0.468,0.606,1.074,0.214,20,1,0,1,1,2,0
152,Mike Gardiner,28,DET,58.2,,38,254,227,35,53,10,1,10,1,0,23,31,0.233,0.302,0.419,0.72,0.229,95,1,0,2,2,5,3
153,Mark Gardner,32,FLA,92.1,,20,391,351,53,97,21,4,14,4,11,30,57,0.276,0.331,0.479,0.809,0.291,168,5,1,4,5,2,4
154,Paul Gibson*,34,NYY,29,,30,130,110,17,26,6,0,5,3,0,17,21,0.236,0.338,0.427,0.766,0.244,47,2,1,0,2,3,2
155,Tom Glavine*,28,ATL,165.1,,25,731,645,76,173,34,3,10,13,1,70,140,0.268,0.338,0.377,0.715,0.325,243,10,1,9,6,10,7
156,George Glinatsis,25,SEA,5.1,,2,28,21,8,9,3,0,2,0,0,6,1,0.429,0.536,0.857,1.393,0.368,18,1,0,0,1,0,0
157,Greg Gohr,26,DET,34,,8,159,137,19,36,6,1,3,4,0,21,21,0.263,0.358,0.387,0.745,0.289,53,1,0,0,1,1,1
158,Pat Gomez*,26,SFG,33.1,,26,133,109,14,23,3,0,2,1,1,20,14,0.211,0.328,0.294,0.622,0.221,32,8,0,2,2,1,0
159,Dwight Gooden,29,NYM,41.1,,7,182,163,32,46,7,1,9,11,3,15,40,0.282,0.346,0.503,0.849,0.325,82,3,1,3,0,1,2
160,Tom Gordon,26,KCR,155.1,,24,675,574,79,136,24,4,15,32,8,87,126,0.237,0.336,0.371,0.707,0.274,213,8,3,3,8,3,3
161,Rich Gossage,42,SEA,47.1,,36,197,175,23,44,13,1,6,5,1,15,29,0.251,0.318,0.44,0.758,0.268,77,5,3,2,2,1,0
162,Jim Gott,34,LAD,36.1,,37,172,143,24,46,7,0,3,2,2,20,29,0.322,0.413,0.434,0.847,0.384,62,4,3,5,1,4,1
163,Mauro Gozzo,28,NYM,69,,23,323,283,48,86,23,1,5,6,3,28,33,0.304,0.363,0.445,0.808,0.324,126,4,1,6,5,10,8
164,Joe Grahe,26,CAL,43.1,,40,218,188,33,68,5,1,5,5,0,18,26,0.362,0.428,0.479,0.907,0.394,90,5,6,3,3,4,2
165,Jeff Granger*,22,KCR,9.1,,2,47,40,8,13,4,1,2,2,0,6,3,0.325,0.404,0.625,1.029,0.306,25,1,0,0,1,0,1
166,Tommy Greene,27,PHI,35.2,,7,164,136,20,37,4,1,5,3,3,22,28,0.272,0.371,0.426,0.798,0.308,58,3,0,5,1,0,4
167,Jason Grimsley,26,CLE,82.2,,14,368,322,47,91,20,2,7,7,2,34,59,0.283,0.36,0.422,0.782,0.326,136,8,6,4,2,1,3
168,Buddy Groom*,28,DET,32,,40,139,121,14,31,3,1,4,2,0,13,27,0.256,0.331,0.397,0.728,0.29,48,3,2,0,3,2,1
169,Kevin Gross,33,LAD,157.1,,25,665,615,64,162,27,3,11,27,5,43,124,0.263,0.313,0.371,0.684,0.314,228,11,2,4,1,2,7
170,Eddie Guardado*,23,MIN,17,,4,81,74,16,26,9,1,3,2,0,4,8,0.351,0.375,0.622,0.997,0.354,46,0,0,1,2,0,0
171,Mark Gubicza,31,KCR,130,,22,561,525,74,158,33,2,11,7,4,26,59,0.301,0.331,0.434,0.765,0.32,228,10,0,5,5,5,5
172,Bill Gullickson,35,DET,115.1,,21,521,484,79,156,27,6,24,8,3,25,65,0.322,0.36,0.552,0.912,0.333,267,3,4,7,1,2,3
173,Eric Gunderson*,28,NYM,9,,14,31,27,0,5,2,0,0,0,1,4,4,0.185,0.29,0.259,0.55,0.217,7,3,0,0,0,0,0
174,Mark Guthrie*,28,MIN,51.1,,50,234,206,43,65,23,3,8,5,1,18,38,0.316,0.366,0.573,0.939,0.343,118,5,2,2,6,2,3
175,José Guzmán,31,CHC,19.2,,4,93,76,20,22,4,1,1,0,1,13,11,0.289,0.396,0.408,0.803,0.323,31,1,1,2,1,0,0
176,Juan Guzmán,27,TOR,147.1,,25,671,585,102,165,25,3,20,23,3,76,124,0.282,0.364,0.438,0.802,0.324,256,8,3,1,6,1,6
177,John Habyan,30,STL,47.1,,52,204,182,17,50,17,1,2,4,0,20,46,0.275,0.347,0.412,0.759,0.358,75,5,0,2,0,8,2
178,Darren Hall,29,TOR,31.2,,30,131,115,12,26,4,0,3,3,0,14,28,0.226,0.315,0.339,0.655,0.274,39,5,1,1,0,1,2
179,Joey Hamilton,23,SDP,108.2,,16,447,406,40,98,10,5,7,1,2,29,61,0.241,0.3,0.342,0.643,0.268,139,13,6,4,2,3,8
180,Atlee Hammaker*,36,CHW,1.1,,2,5,5,0,1,0,0,0,0,0,0,1,0.2,0.2,0.2,0.4,0.25,1,0,0,0,0,0,0
181,Chris Hammond*,28,FLA,73.1,,13,312,281,30,79,11,3,5,1,2,23,40,0.281,0.336,0.395,0.731,0.311,111,9,1,5,2,1,4
182,Mike Hampton*,21,HOU,41.1,,44,181,163,19,46,8,1,4,4,3,16,24,0.282,0.354,0.417,0.771,0.311,68,5,2,0,0,1,2
183,Chris Haney*,25,KCR,28.1,,6,127,108,25,36,9,3,2,3,2,11,18,0.333,0.387,0.528,0.915,0.37,57,3,1,3,4,1,1
184,Erik Hanson,29,CIN,122.2,,22,519,484,60,137,22,4,10,6,6,23,101,0.283,0.317,0.407,0.724,0.337,197,7,3,5,4,3,6
185,Mike Harkey,27,COL,91.2,,24,415,372,61,125,31,2,10,7,6,35,39,0.336,0.393,0.511,0.903,0.354,190,10,1,5,2,4,2
186,Pete Harnisch,27,HOU,95,,17,419,372,59,100,17,4,13,12,1,39,62,0.269,0.341,0.441,0.782,0.291,164,4,3,3,2,1,2
187,Gene Harris,29,TOT,23.2,,24,117,102,21,34,8,2,3,0,1,12,19,0.333,0.409,0.539,0.948,0.388,55,2,1,2,0,3,2
188,Gene Harris,29,SDP,12.1,,13,64,54,11,21,3,1,2,0,1,8,9,0.389,0.468,0.593,1.06,0.442,32,1,0,2,0,2,0
189,Gene Harris,29,DET,11.1,,11,53,48,10,13,5,1,1,0,0,4,10,0.271,0.34,0.479,0.819,0.324,23,1,1,0,0,1,2
190,Greg Harris,38,TOT,50.2,,38,240,205,49,64,13,0,9,4,0,26,48,0.312,0.394,0.507,0.901,0.367,104,7,3,4,2,7,3
191,Greg Harris,38,BOS,45.2,,35,215,187,44,60,12,0,8,4,0,23,44,0.321,0.396,0.513,0.91,0.382,96,6,1,3,1,6,1
192,Greg Harris,38,NYY,5,,3,25,18,5,4,1,0,1,0,0,3,4,0.222,0.375,0.444,0.819,0.214,8,1,2,1,1,1,2
193,Greg Harris,30,COL,130,,29,588,513,99,154,32,8,22,15,7,52,82,0.3,0.366,0.522,0.889,0.318,268,7,5,12,6,4,6
194,Bryan Harvey,31,FLA,10.1,,12,47,43,6,12,1,0,1,3,0,4,10,0.279,0.34,0.372,0.713,0.344,16,0,0,0,0,0,0
195,Heath Haynes,25,MON,3.2,,4,17,13,1,3,0,1,0,1,0,3,1,0.231,0.353,0.385,0.738,0.231,5,1,0,0,1,0,1
196,Rick Helling,23,TEX,52,,9,228,210,34,62,9,2,14,4,1,18,25,0.295,0.351,0.557,0.908,0.281,117,6,0,0,0,0,3
197,Rod Henderson,23,MON,6.2,,3,37,27,9,9,1,2,1,4,0,7,3,0.333,0.471,0.63,1.1,0.348,17,0,0,3,0,0,1
198,Tom Henke,36,TEX,38,,37,156,142,16,33,6,3,6,1,1,12,39,0.232,0.29,0.444,0.734,0.276,63,1,0,1,1,0,0
199,Mike Henneman,32,DET,34.2,,30,167,145,27,43,9,0,5,1,0,17,27,0.297,0.376,0.462,0.838,0.333,67,1,2,2,1,7,3
200,Butch Henry*,25,MON,107.1,,24,433,403,30,97,16,2,10,8,4,20,70,0.241,0.278,0.365,0.643,0.267,147,9,2,5,3,1,6
201,Doug Henry,30,MIL,31.1,,25,143,118,17,32,6,0,7,5,0,23,20,0.271,0.394,0.5,0.894,0.275,59,5,1,1,0,1,2
202,Pat Hentgen,25,TOR,174.2,,24,728,657,74,158,26,1,21,11,10,59,147,0.24,0.305,0.379,0.684,0.278,249,12,3,6,3,1,5
203,Gil Heredia,28,MON,75.1,,39,325,303,34,85,13,0,7,2,3,13,62,0.281,0.311,0.393,0.703,0.328,119,4,2,3,4,3,8
204,Jeremy Hernandez,27,FLA,23.1,,21,97,78,9,16,5,2,0,2,2,14,13,0.205,0.337,0.321,0.657,0.242,25,2,2,2,1,3,1
205,Roberto Hernández,29,CHW,47.2,,45,206,185,29,44,5,1,5,3,0,19,50,0.238,0.311,0.357,0.667,0.298,66,4,1,0,1,1,4
206,Xavier Hernandez,28,NYY,40,,31,187,160,27,48,11,2,7,4,1,21,37,0.3,0.384,0.525,0.909,0.347,84,3,2,2,2,3,0
207,Orel Hershiser,35,LAD,135.1,,21,575,524,67,146,33,3,15,11,3,42,72,0.279,0.333,0.439,0.772,0.298,230,15,2,4,3,6,6
208,Joe Hesketh*,35,BOS,114,,25,495,438,70,117,33,2,9,13,2,46,83,0.267,0.334,0.413,0.747,0.305,181,13,2,1,8,3,9
209,Greg Hibbard*,29,SEA,80.2,,15,392,351,78,115,18,2,11,5,0,31,39,0.328,0.383,0.484,0.868,0.343,170,6,2,6,2,1,10
210,Bryan Hickerson*,30,SFG,98.1,,28,436,392,60,118,22,1,20,2,2,38,59,0.301,0.363,0.515,0.879,0.312,202,10,1,4,1,6,2
211,Teddy Higuera*,36,MIL,58.2,,17,280,238,55,74,17,3,13,8,2,36,35,0.311,0.403,0.571,0.974,0.318,136,6,2,2,2,0,4
212,Ken Hill,28,MON,154.2,,23,647,585,61,145,25,7,12,19,5,44,85,0.248,0.304,0.376,0.68,0.269,220,12,6,6,6,7,10
213,Milt Hill,28,TOT,35,,23,167,147,29,48,15,2,7,2,1,17,26,0.327,0.394,0.599,0.993,0.357,88,1,0,2,1,4,1
214,Milt Hill,28,ATL,11.1,,10,56,49,10,18,5,0,3,1,0,6,10,0.367,0.436,0.653,1.089,0.417,32,0,0,1,0,1,0
215,Milt Hill,28,SEA,23.2,,13,111,98,19,30,10,2,4,1,1,11,16,0.306,0.373,0.571,0.944,0.329,56,1,0,1,1,3,1
216,Eric Hillman*,28,NYM,34.2,,11,156,140,30,45,13,1,9,0,2,11,20,0.321,0.377,0.621,0.998,0.321,87,3,2,2,1,3,0
217,Sterling Hitchcock*,23,NYY,49.1,,23,218,181,24,48,6,1,3,2,5,29,37,0.265,0.355,0.359,0.714,0.304,65,4,0,1,7,1,3
218,Trevor Hoffman,26,SDP,56,,47,225,202,16,39,9,4,4,2,0,20,68,0.193,0.263,0.337,0.6,0.265,68,3,0,1,2,6,1
219,Darren Holmes,28,COL,28.1,,29,142,112,25,35,9,0,5,6,1,24,33,0.313,0.435,0.527,0.962,0.4,59,3,1,4,1,4,2
220,Rick Honeycutt*,40,TEX,25,,42,122,106,21,37,10,0,4,4,1,9,18,0.349,0.41,0.557,0.967,0.393,59,1,2,5,0,1,1
221,John Hope,23,PIT,14,,9,64,58,12,18,6,0,1,0,0,4,6,0.31,0.375,0.466,0.841,0.333,27,4,2,0,0,0,2
222,Vince Horsman*,27,OAK,29.1,,33,127,109,17,29,5,0,2,1,3,11,20,0.266,0.331,0.367,0.698,0.3,40,0,1,3,3,2,0
223,Charlie Hough,46,FLA,113.2,,21,515,430,74,118,21,6,17,8,7,52,65,0.274,0.359,0.47,0.829,0.283,202,5,10,14,9,1,7
224,Chris Howard*,28,BOS,39.2,,37,166,150,17,35,5,0,5,5,1,12,22,0.233,0.287,0.367,0.653,0.24,55,0,0,2,2,4,2
225,David Howard,27,KCR,2,,1,12,7,1,2,0,0,0,0,0,5,0,0.286,0.583,0.286,0.869,0.286,2,1,0,0,0,0,1
226,Steve Howe*,36,NYY,40,,40,152,144,8,28,6,0,2,3,0,7,18,0.194,0.232,0.278,0.51,0.21,40,5,0,1,0,1,2
227,Jay Howell,38,TEX,43,,40,189,168,29,44,7,1,10,2,1,16,22,0.262,0.324,0.494,0.819,0.245,83,1,1,1,3,2,4
228,John Hudek,27,HOU,39.1,,42,159,138,14,24,3,0,5,2,0,18,39,0.174,0.27,0.304,0.575,0.198,42,2,1,0,2,2,1
229,Bruce Hurst*,36,TEX,38,,8,176,155,30,53,13,1,8,2,1,16,24,0.342,0.394,0.594,0.988,0.354,92,6,0,1,4,0,1
230,James Hurst*,27,TEX,10.2,,8,56,47,12,17,2,0,1,0,0,8,5,0.362,0.446,0.468,0.915,0.381,22,2,0,0,1,1,1
231,Jonathan Hurst,27,NYM,10,,7,50,44,14,15,1,1,5,0,0,5,6,0.341,0.4,0.75,1.15,0.294,33,1,0,0,1,0,1
232,Mark Hutton,24,NYY,3.2,,2,16,16,3,4,2,1,0,0,0,0,1,0.25,0.25,0.5,0.75,0.267,8,0,0,0,0,0,1
233,Mike Ignasiak,28,MIL,47.2,,23,201,185,25,51,15,0,5,4,1,13,24,0.276,0.325,0.438,0.763,0.293,81,8,1,1,1,2,3
234,Blaise Ilsley*,30,CHC,15,,10,74,65,13,25,6,0,2,1,0,9,9,0.385,0.459,0.569,1.029,0.426,37,1,0,0,0,2,0
235,Danny Jackson*,32,PHI,179.1,,25,755,687,71,183,34,3,13,14,2,46,129,0.266,0.312,0.381,0.693,0.309,262,20,2,14,6,1,10
236,Mike Jackson,29,SFG,42.1,,36,158,140,8,23,2,0,4,1,2,11,51,0.164,0.234,0.264,0.498,0.221,37,2,2,4,1,0,0
237,Jason Jacome*,23,NYM,54,,8,222,201,17,54,10,2,3,2,2,17,30,0.269,0.324,0.383,0.707,0.302,77,8,0,3,1,2,2
238,Kevin Jarvis,24,CIN,17.2,,6,79,73,14,22,6,0,4,3,0,5,10,0.301,0.346,0.548,0.894,0.305,40,0,0,1,0,0,0
239,Mike Jeffcoat*,34,FLA,2.2,,4,12,11,3,4,0,0,2,0,0,0,1,0.364,0.333,0.909,1.242,0.222,10,0,0,0,1,0,0
240,Miguel Jimenez,24,OAK,34,,8,173,138,33,38,7,0,9,4,2,32,22,0.275,0.413,0.522,0.935,0.269,72,3,1,1,1,2,6
241,Dane Johnson,31,CHW,12.1,,15,61,49,9,16,0,0,2,4,0,11,7,0.327,0.443,0.449,0.892,0.341,22,2,0,0,1,1,0
242,Randy Johnson*,30,SEA,172,,23,694,612,65,132,27,3,14,22,15,72,204,0.216,0.304,0.338,0.642,0.299,207,18,6,3,1,2,9
243,Joel Johnston,27,PIT,3.1,,4,30,24,12,14,4,0,0,2,0,4,5,0.583,0.667,0.75,1.417,0.737,18,0,2,0,0,0,1
244,John Johnstone,25,FLA,21.1,,17,105,87,20,23,5,4,4,2,2,16,23,0.264,0.385,0.552,0.936,0.317,48,0,1,1,0,5,3
245,Bobby Jones,24,NYM,160,,24,685,610,75,157,25,1,10,10,3,56,80,0.257,0.322,0.351,0.673,0.281,214,13,4,11,4,9,11
246,Doug Jones,37,PHI,54,,47,226,216,14,55,4,0,2,1,1,6,38,0.255,0.275,0.301,0.576,0.301,65,1,0,4,0,0,3
247,Todd Jones,26,HOU,72.2,,48,288,257,23,52,15,1,3,6,1,26,63,0.202,0.277,0.304,0.581,0.255,78,9,1,3,1,4,2
248,Jeff Juden,23,PHI,27.2,,6,121,105,25,29,4,0,4,5,1,12,22,0.276,0.35,0.429,0.779,0.309,45,5,1,1,2,0,2
249,Scott Kamieniecki,30,NYY,117.1,,22,509,440,53,115,28,1,13,5,3,59,71,0.261,0.35,0.418,0.769,0.284,184,17,3,4,3,5,5
250,Steve Karsay,22,OAK,28,,4,115,103,8,26,2,1,1,0,1,8,15,0.252,0.31,0.32,0.63,0.284,33,3,1,2,1,0,1
251,Jimmy Key*,33,NYY,168,,25,710,649,68,177,32,2,10,9,3,52,97,0.273,0.329,0.374,0.703,0.307,243,22,3,4,2,0,8
252,Mark Kiefer,25,MIL,10.2,,7,52,42,12,15,2,2,4,1,1,8,8,0.357,0.442,0.786,1.228,0.344,33,1,0,0,2,0,0
253,Darryl Kile,25,HOU,147.2,,24,664,557,84,153,30,4,13,12,5,82,105,0.275,0.375,0.413,0.788,0.317,230,17,9,14,2,6,8
254,Kevin King*,25,SEA,15.1,,19,81,63,13,21,3,0,0,1,0,17,6,0.333,0.481,0.381,0.862,0.368,24,2,1,0,0,3,0
255,Scott Klingenbeck,23,BAL,7,,1,31,25,4,6,2,0,1,0,0,4,5,0.24,0.355,0.44,0.795,0.25,11,1,1,0,1,1,1
256,Kurt Knudsen,27,DET,5.1,,4,34,23,8,7,0,0,2,0,0,11,1,0.304,0.529,0.565,1.095,0.25,13,0,0,0,0,1,0
257,Bill Krueger*,36,TOT,60.2,,24,276,243,48,68,10,4,8,9,2,24,47,0.28,0.344,0.453,0.797,0.313,110,2,2,3,4,2,7
258,Bill Krueger*,36,DET,19.2,,16,104,81,24,26,5,1,3,5,1,17,17,0.321,0.431,0.519,0.95,0.359,42,0,1,2,3,1,4
259,Bill Krueger*,36,SDP,41,,8,172,162,24,42,5,3,5,4,1,7,30,0.259,0.292,0.42,0.712,0.289,68,2,1,1,1,1,3
260,Mark Langston*,33,CAL,119.1,,18,517,452,67,121,21,3,19,7,7,54,109,0.268,0.34,0.454,0.794,0.307,205,4,0,3,8,1,6
261,Tim Leary,35,TEX,21,,6,100,85,19,26,7,1,4,3,0,11,9,0.306,0.38,0.553,0.933,0.293,47,1,1,0,3,2,1
262,Craig Lefferts*,36,CAL,34.2,,30,158,143,20,50,11,0,7,3,1,12,27,0.35,0.392,0.573,0.966,0.384,82,5,0,0,3,3,1
263,Phil Leftwich,25,CAL,114,,20,499,448,75,127,29,4,16,7,4,42,67,0.283,0.346,0.473,0.819,0.301,212,9,3,2,4,2,2
264,Dave Leiper*,32,OAK,18.2,,26,75,63,4,13,1,0,0,0,0,6,14,0.206,0.278,0.222,0.5,0.255,14,1,1,3,2,1,1
265,Al Leiter*,28,TOR,111.2,,20,516,438,68,125,29,3,6,3,4,65,100,0.285,0.374,0.406,0.781,0.35,178,12,2,3,8,3,5
266,Mark Leiter,31,CAL,95.1,,40,425,373,56,99,21,3,13,7,4,35,71,0.265,0.34,0.442,0.782,0.294,165,4,9,4,4,6,9
267,Curt Leskanic,26,COL,22.1,,8,98,86,14,27,2,1,2,1,3,10,17,0.314,0.385,0.43,0.816,0.373,37,3,0,2,0,0,0
268,Richie Lewis,28,FLA,54,,45,261,218,44,62,9,5,7,8,0,38,45,0.284,0.391,0.468,0.859,0.329,102,5,1,3,1,9,5
269,Scott Lewis,28,CAL,31,,20,143,128,23,46,13,0,5,4,1,10,10,0.359,0.414,0.578,0.992,0.363,74,5,2,3,0,2,1
270,Jon Lieber,24,PIT,108.2,,17,460,428,62,116,30,2,12,2,5,25,71,0.271,0.311,0.435,0.745,0.299,186,10,1,3,3,3,10
271,Derek Lilliquist*,28,CLE,29.1,,36,127,112,17,34,6,0,6,0,1,8,15,0.304,0.347,0.518,0.865,0.298,58,5,1,3,3,1,2
272,José Lima,21,DET,6.2,,3,34,31,10,11,1,0,2,1,0,3,7,0.355,0.412,0.581,0.992,0.409,18,0,0,0,0,1,0
273,Doug Linton,29,NYM,50.1,,32,241,217,27,74,13,0,4,5,1,20,29,0.341,0.395,0.456,0.851,0.378,99,4,0,3,1,3,2
274,Graeme Lloyd*,27,MIL,47,,43,203,182,28,49,7,3,4,2,1,15,31,0.269,0.332,0.407,0.738,0.302,74,3,3,1,2,6,0
275,Brian Looney*,24,MON,2,,1,11,10,5,4,1,0,1,0,0,0,2,0.4,0.455,0.8,1.255,0.429,8,0,1,0,0,0,0
276,Albie Lopez,22,CLE,17,,4,76,69,11,20,0,0,3,0,2,6,18,0.29,0.355,0.42,0.776,0.354,29,1,1,0,0,0,2
277,Andrew Lorraine*,21,CAL,18.2,,4,96,82,23,30,3,1,7,2,0,11,10,0.366,0.436,0.683,1.119,0.348,56,2,0,2,1,0,1
278,Greg Maddux,28,ATL,202,,25,774,726,44,150,22,2,4,22,6,31,156,0.207,0.243,0.259,0.502,0.256,188,21,6,6,5,3,14
279,Mike Maddux,32,NYM,44,,27,186,171,25,45,8,1,7,8,0,13,32,0.263,0.312,0.444,0.756,0.284,76,5,0,0,2,4,1
280,Mike Magnante*,29,KCR,47,,36,211,190,27,55,7,2,5,7,0,16,21,0.289,0.34,0.426,0.766,0.299,81,3,0,2,3,1,4
281,Joe Magrane*,29,CAL,74,,20,357,297,63,89,11,4,18,10,1,51,33,0.3,0.409,0.545,0.954,0.285,162,8,6,0,3,0,1
282,Pat Mahomes,23,MIN,120,,21,517,449,68,121,21,2,22,11,10,62,53,0.269,0.357,0.472,0.829,0.262,212,15,1,1,4,1,4
283,Josías Manzanillo,26,NYM,47.1,,37,186,170,15,34,7,1,4,0,2,13,48,0.2,0.269,0.324,0.592,0.254,55,5,3,0,0,2,3
284,Ravelo Manzanillo*,30,PIT,50,,46,236,184,30,45,12,2,4,3,2,42,39,0.245,0.385,0.397,0.781,0.281,73,7,3,2,5,5,4
285,Dennis Martínez,40,CLE,176.2,,24,730,671,75,166,32,6,14,8,3,44,92,0.247,0.298,0.376,0.674,0.267,252,17,7,3,5,2,7
286,José Martínez,23,SDP,12,,4,54,48,9,18,4,1,2,1,2,5,7,0.375,0.434,0.625,1.059,0.41,30,2,0,1,0,2,0
287,Pedro Martinez,22,MON,144.2,1,24,584,523,58,115,29,4,11,11,3,45,142,0.22,0.294,0.354,0.648,0.279,185,12,11,2,3,3,3
288,Pedro Martínez*,25,SDP,68.1,,48,308,248,31,52,11,2,4,3,8,49,52,0.21,0.341,0.319,0.66,0.249,79,2,1,9,1,9,11
289,Ramón Martínez,26,LAD,170,,24,718,642,83,160,20,6,18,3,7,56,119,0.249,0.312,0.383,0.695,0.277,246,8,6,6,8,2,9
290,Roger Mason,36,TOT,60,,47,256,226,29,55,10,0,8,8,1,25,33,0.243,0.323,0.394,0.717,0.253,89,5,2,2,1,5,4
291,Roger Mason,36,PHI,8.2,,6,41,36,6,11,3,0,2,4,0,5,7,0.306,0.39,0.556,0.946,0.333,20,1,0,0,0,1,1
292,Roger Mason,36,NYM,51.1,,41,215,190,23,44,7,0,6,4,1,20,26,0.232,0.31,0.363,0.673,0.239,69,4,2,2,1,4,3
293,Terry Mathews,29,FLA,43,,24,179,168,16,45,13,1,4,4,2,9,21,0.268,0.309,0.429,0.738,0.287,72,1,1,1,0,1,0
294,Tim Mauser,27,SDP,49,,35,210,185,21,50,6,1,3,7,1,19,32,0.27,0.337,0.362,0.699,0.307,67,7,1,2,3,3,3
295,Kirk McCaskill,33,CHW,52.2,,40,228,202,22,51,11,1,6,2,1,22,37,0.252,0.322,0.406,0.728,0.278,82,2,0,1,3,4,2
296,Ben McDonald,26,BAL,157.1,,24,655,592,75,151,24,3,14,14,8,54,94,0.255,0.319,0.377,0.696,0.282,223,12,2,6,1,2,6
297,Jack McDowell,28,CHW,181,,25,755,700,82,186,36,4,12,18,5,42,127,0.266,0.31,0.38,0.69,0.308,266,13,5,4,4,2,4
298,Roger McDowell,33,LAD,41.1,,32,193,165,25,50,8,2,3,4,2,22,29,0.303,0.388,0.43,0.819,0.353,71,4,1,5,0,6,4
299,Chuck McElroy*,26,CIN,57.2,,52,230,213,15,52,9,1,3,0,5,15,38,0.244,0.294,0.338,0.632,0.285,72,5,0,2,0,2,2
300,Greg McMichael,27,ATL,58.2,,51,259,236,29,66,11,1,1,3,1,19,47,0.28,0.332,0.347,0.679,0.344,82,8,0,3,1,6,6
301,Rusty Meacham,26,KCR,50.2,,36,213,194,23,51,12,1,7,1,0,12,36,0.263,0.307,0.443,0.75,0.284,86,2,2,1,4,1,1
302,José Meléndez,28,BOS,16.1,,10,76,62,11,20,3,1,3,0,0,8,9,0.323,0.417,0.548,0.965,0.34,34,2,2,4,0,2,0
303,Tony Menéndez,29,SFG,3.1,,6,19,17,8,8,1,1,2,1,0,2,2,0.471,0.526,1,1.526,0.462,17,1,0,0,0,0,0
304,José Mercedes,23,MIL,31,,19,120,102,9,22,2,0,4,0,0,16,11,0.216,0.333,0.353,0.686,0.207,36,9,2,0,0,1,1
305,Kent Mercker*,26,ATL,112.1,,20,461,409,46,90,15,1,16,9,7,45,111,0.22,0.295,0.379,0.674,0.26,155,5,0,4,3,3,2
306,Brett Merriman,27,MIN,17,,15,87,67,13,18,4,0,0,0,0,14,10,0.269,0.414,0.328,0.742,0.305,22,3,4,0,2,0,2
307,José Mesa,28,CLE,73,,51,315,279,33,71,12,0,3,3,0,26,63,0.254,0.321,0.33,0.65,0.313,92,4,3,3,4,7,2
308,Dan Miceli,23,PIT,27.1,,28,121,105,19,28,6,0,5,5,2,11,27,0.267,0.342,0.467,0.808,0.307,49,1,2,1,2,2,1
309,Bob Milacki,29,KCR,55.2,,10,254,228,43,68,18,2,6,3,0,20,17,0.298,0.352,0.474,0.825,0.297,108,1,1,1,4,3,2
310,Kurt Miller,21,FLA,20,,4,92,82,18,26,3,1,3,0,0,7,11,0.317,0.38,0.488,0.868,0.333,40,2,2,0,1,0,1
311,Alan Mills,27,BAL,45.1,,47,199,171,26,43,7,0,7,3,0,24,44,0.251,0.348,0.415,0.764,0.298,71,7,2,1,1,2,1
312,Nate Minchey,24,BOS,23,,6,121,103,26,44,11,1,1,0,1,14,15,0.427,0.483,0.583,1.066,0.478,60,4,0,1,3,2,2
313,Blas Minor,28,PIT,19,,17,90,77,17,27,10,0,4,1,0,9,17,0.351,0.42,0.636,1.057,0.404,49,3,1,2,1,2,0
314,Ángel Miranda*,24,MIL,46,,8,196,167,28,39,9,0,8,9,0,27,24,0.234,0.338,0.431,0.77,0.228,72,7,0,1,1,0,0
315,Mike Mohler*,25,OAK,2.1,,1,14,12,3,2,1,0,1,0,0,2,4,0.167,0.286,0.5,0.786,0.143,6,0,0,0,0,0,3
316,Rich Monteleone,31,SFG,45.1,,39,189,170,18,43,11,1,6,2,0,13,16,0.253,0.299,0.435,0.735,0.243,74,3,0,2,4,2,2
317,Jeff Montgomery,32,KCR,44.2,,42,193,174,21,48,10,1,5,1,0,15,50,0.276,0.335,0.431,0.766,0.358,75,8,1,2,1,1,3
318,Marcus Moore,23,COL,33.2,,29,158,131,26,33,9,1,4,0,0,21,33,0.252,0.376,0.427,0.803,0.309,56,3,5,1,0,2,3
319,Mike Moore,34,DET,154.1,,25,679,579,97,152,36,2,27,21,10,89,62,0.263,0.361,0.472,0.833,0.253,273,17,3,4,4,8,6
320,Mike Morgan,34,CHC,80.2,,15,380,328,65,111,20,1,12,6,2,35,57,0.338,0.402,0.515,0.917,0.374,169,11,4,7,6,2,2
321,Jack Morris,39,CLE,141.1,,23,636,559,96,163,35,4,14,15,9,67,100,0.292,0.369,0.444,0.813,0.332,248,13,4,2,4,2,8
322,Jamie Moyer*,31,BAL,149,,23,631,584,81,158,37,2,23,7,3,38,87,0.271,0.316,0.459,0.775,0.284,268,10,2,5,2,3,4
323,Terry Mulholland*,31,NYY,120.2,,24,542,495,94,150,37,4,24,0,1,37,72,0.303,0.353,0.539,0.892,0.313,267,15,3,3,4,1,10
324,Bobby Muñoz,26,PHI,104.1,,21,447,401,40,101,18,1,8,11,0,35,59,0.252,0.31,0.362,0.672,0.274,145,8,1,5,5,0,7
325,Mike Munoz*,28,COL,45.2,,57,200,166,22,37,7,1,3,2,2,31,32,0.223,0.343,0.331,0.675,0.258,55,5,0,2,1,5,4
326,Rob Murphy*,34,TOT,42,,53,174,160,21,38,7,0,9,0,2,13,25,0.238,0.295,0.45,0.745,0.23,72,2,0,1,0,2,3
327,Rob Murphy*,34,STL,40.1,,50,166,152,18,35,6,0,7,0,2,13,25,0.23,0.291,0.408,0.699,0.233,62,2,0,1,0,2,3
328,Rob Murphy*,34,NYY,1.2,,3,8,8,3,3,1,0,2,0,0,0,0,0.375,0.375,1.25,1.625,0.167,10,0,0,0,0,0,0
329,Mike Mussina,25,BAL,176.1,,24,712,657,63,163,31,2,19,7,6,42,99,0.248,0.291,0.388,0.679,0.263,255,15,1,3,9,1,5
330,Jeff Mutis*,27,FLA,38.1,,35,177,154,25,51,3,0,6,0,1,15,30,0.331,0.39,0.468,0.857,0.375,72,5,1,5,2,3,2
331,Randy Myers*,31,CHC,40.1,,38,174,154,18,40,6,0,3,0,1,16,32,0.26,0.327,0.357,0.685,0.308,55,3,0,3,1,1,3
332,Chris Nabholz*,27,TOT,53,,14,254,211,48,67,10,3,6,11,5,38,28,0.318,0.425,0.479,0.904,0.341,101,7,3,0,2,1,3
333,Chris Nabholz*,27,CLE,11,,6,66,55,16,23,5,1,1,3,1,9,5,0.418,0.5,0.6,1.1,0.44,33,1,1,0,1,0,2
334,Chris Nabholz*,27,BOS,42,,8,188,156,32,44,5,2,5,8,4,29,23,0.282,0.399,0.436,0.835,0.302,68,6,2,0,1,1,1
335,Charles Nagy,27,CLE,169.1,,23,717,660,76,175,20,2,15,9,3,48,108,0.265,0.319,0.37,0.689,0.297,244,19,5,2,2,1,8
336,Jaime Navarro,27,MIL,89.2,,29,411,366,71,115,22,4,10,21,5,35,65,0.314,0.377,0.478,0.855,0.356,175,8,4,2,4,4,6
337,Denny Neagle*,25,PIT,137,,24,587,522,80,135,30,5,18,13,5,49,122,0.259,0.322,0.439,0.761,0.302,229,7,3,7,6,3,7
338,Jeff Nelson,27,SEA,42.1,,28,185,155,18,35,7,1,3,3,4,20,44,0.226,0.342,0.342,0.684,0.294,53,3,8,1,1,4,5
339,Robb Nen,24,FLA,58,,44,228,207,20,46,11,2,6,4,1,17,60,0.222,0.28,0.382,0.662,0.282,79,7,0,3,1,2,3
340,David Nied,25,COL,122,,22,538,477,70,137,28,4,15,11,5,47,74,0.287,0.354,0.457,0.811,0.312,218,10,4,7,3,5,4
341,Ed Núñez,31,OAK,15,,15,80,68,20,26,5,1,2,0,0,10,15,0.382,0.456,0.574,1.029,0.462,39,0,0,1,1,0,1
342,Chad Ogea,23,CLE,16.1,,4,80,69,11,21,8,0,2,2,0,10,11,0.304,0.4,0.507,0.907,0.339,35,2,1,0,0,2,1
343,Bob Ojeda*,36,NYY,3,,2,25,18,8,11,1,0,1,1,0,6,3,0.611,0.68,0.833,1.513,0.667,15,0,0,0,1,0,0
344,Omar Olivares,26,STL,73.2,,14,333,286,53,84,16,2,10,5,2,37,26,0.294,0.379,0.469,0.847,0.292,134,14,4,3,3,0,4
345,Darren Oliver*,23,TEX,50,,43,226,179,24,40,4,0,4,3,1,35,50,0.223,0.368,0.313,0.681,0.288,56,8,6,6,0,4,5
346,Gregg Olson,27,ATL,14.2,,16,77,60,15,19,7,1,1,1,0,13,10,0.317,0.44,0.517,0.957,0.36,31,0,1,2,1,3,0
347,Steve Ontiveros,33,OAK,115.1,,27,463,428,39,93,12,1,7,5,2,26,56,0.217,0.271,0.299,0.57,0.235,128,9,6,2,1,1,9
348,Mike Oquist,26,BAL,58.1,,15,278,235,41,75,15,0,7,1,0,30,39,0.319,0.404,0.472,0.876,0.352,111,5,6,3,4,4,2
349,Jesse Orosco*,37,MIL,39,,40,174,144,26,32,5,0,4,8,0,26,36,0.222,0.345,0.34,0.685,0.264,49,2,2,0,2,2,2
350,Al Osuna*,28,LAD,8.2,,15,43,39,6,13,2,1,0,0,0,4,7,0.333,0.395,0.436,0.831,0.406,17,0,0,0,0,0,1
351,Dave Otto*,29,CHC,45,,36,200,173,20,49,8,3,4,3,3,22,19,0.283,0.367,0.434,0.801,0.3,75,7,1,4,0,4,4
352,Lance Painter*,26,COL,73.2,,15,336,301,51,91,19,3,9,8,2,26,41,0.302,0.354,0.475,0.829,0.32,143,2,1,3,5,2,4
353,Vicente Palacios,30,STL,117.2,,31,484,423,60,104,21,2,16,4,7,43,95,0.246,0.315,0.418,0.734,0.276,177,10,3,7,7,2,3
354,Donn Pall,32,TOT,39,,28,176,164,20,51,6,2,4,2,2,10,23,0.311,0.352,0.445,0.797,0.341,73,3,1,0,1,0,4
355,Donn Pall,32,NYY,35,,26,157,146,18,43,4,2,3,2,1,9,21,0.295,0.338,0.411,0.749,0.325,60,2,1,0,1,0,3
356,Donn Pall,32,CHC,4,,2,19,18,2,8,2,0,1,0,1,1,2,0.444,0.474,0.722,1.196,0.467,13,1,0,0,0,0,1
357,Chan Ho Park,21,LAD,4,,2,23,17,5,5,1,0,1,0,0,5,6,0.294,0.478,0.529,1.008,0.4,9,0,1,0,0,0,0
358,Bob Patterson*,35,CAL,42,,47,170,153,21,35,10,0,6,0,2,15,30,0.229,0.306,0.412,0.718,0.248,63,2,2,0,0,2,1
359,Ken Patterson*,29,CAL,0.2,,1,2,2,0,0,0,0,0,0,0,0,1,0,0,0,0,0,0,0,0,0,0,0,0
360,Roger Pavlik,26,TEX,50.1,,11,245,203,45,61,11,2,8,2,2,30,31,0.3,0.394,0.493,0.887,0.315,100,1,4,4,4,1,2
361,Alejandro Peña,35,PIT,28.2,,22,118,107,16,22,7,0,4,2,0,10,27,0.206,0.28,0.383,0.663,0.237,41,0,1,0,0,2,0
362,Brad Pennington*,25,BAL,6,,8,35,26,8,9,2,0,2,1,1,8,7,0.346,0.5,0.654,1.154,0.412,17,0,0,1,0,0,1
363,Melido Perez,28,NYY,151.1,,22,632,563,74,134,32,4,16,9,7,58,109,0.238,0.311,0.394,0.705,0.268,222,7,3,5,3,5,9
364,Mike Pérez,29,STL,31,,36,155,133,32,52,8,1,5,2,0,10,20,0.391,0.43,0.579,1.009,0.416,77,5,3,4,5,1,2
365,Yorkis Pérez*,26,FLA,40.2,,44,167,150,18,33,7,1,4,1,0,14,41,0.22,0.291,0.36,0.651,0.276,54,2,1,2,0,3,2
366,Steve Phoenix,26,OAK,4.1,,2,19,17,3,4,0,1,0,0,1,2,3,0.235,0.316,0.353,0.669,0.286,6,0,0,0,0,0,0
367,Hipólito Pichardo,24,KCR,67.2,,45,303,265,42,82,18,2,4,1,2,24,36,0.309,0.379,0.438,0.817,0.344,116,11,7,4,2,5,3
368,Erik Plantenberg*,25,SEA,7,,6,31,23,0,4,0,0,0,0,1,7,1,0.174,0.387,0.174,0.561,0.182,4,0,1,0,0,0,1
369,Dan Plesac*,32,CHC,54.2,,54,235,219,30,61,11,1,9,2,2,13,53,0.279,0.321,0.461,0.782,0.329,101,5,1,1,1,0,4
370,Eric Plunk,30,CLE,71,,41,306,264,25,61,10,4,3,12,3,37,73,0.231,0.329,0.333,0.662,0.307,88,5,2,2,1,5,2
371,Jim Poole*,28,BAL,20.1,,38,100,86,15,32,5,1,4,0,2,11,18,0.372,0.43,0.593,1.023,0.418,51,2,0,0,3,2,0
372,Mark Portugal,31,SFG,137.1,,21,580,519,68,135,19,2,17,13,5,45,87,0.26,0.324,0.403,0.727,0.282,209,13,6,6,4,2,6
373,Ross Powell*,26,HOU,7.1,,12,32,25,1,6,0,0,0,0,0,5,5,0.24,0.387,0.24,0.627,0.3,6,1,1,1,0,0,0
374,Tim Pugh,27,CIN,47.2,,10,227,191,37,60,7,3,5,5,1,26,24,0.314,0.396,0.461,0.856,0.329,88,5,3,2,5,0,3
375,Carlos Pulido*,22,MIN,84.1,,19,366,319,57,87,25,2,17,4,7,40,32,0.273,0.352,0.524,0.875,0.255,167,10,1,2,4,1,3
376,Paul Quantrill,25,TOT,53,,35,236,208,31,64,15,0,7,3,3,15,28,0.308,0.364,0.481,0.844,0.324,100,5,5,5,3,4,2
377,Paul Quantrill,25,BOS,23,,17,101,90,10,25,5,0,4,1,0,5,15,0.278,0.323,0.467,0.79,0.288,42,1,2,2,2,1,1
378,Paul Quantrill,25,PHI,30,,18,135,118,21,39,10,0,3,2,3,10,13,0.331,0.394,0.492,0.885,0.35,58,4,3,3,1,3,1
379,Pat Rapp,26,FLA,133.1,,24,584,496,67,132,21,7,13,10,13,69,75,0.266,0.361,0.415,0.776,0.289,206,17,7,8,4,3,11
380,Jeff Reardon,38,NYY,9.2,,11,48,44,9,17,2,1,3,0,0,3,4,0.386,0.426,0.682,1.107,0.378,30,1,0,1,0,0,0
381,Rick Reed,29,TEX,16.2,,4,75,67,13,17,5,0,3,0,1,7,12,0.254,0.333,0.463,0.796,0.269,31,0,1,0,0,0,1
382,Steve Reed,29,COL,64,,61,297,258,33,79,12,7,9,4,2,26,51,0.306,0.374,0.512,0.885,0.341,132,6,6,0,7,3,6
383,Mike Remlinger*,28,NYM,54.2,,10,252,211,30,55,13,0,9,3,2,35,33,0.261,0.364,0.45,0.814,0.267,95,2,1,2,3,4,3
384,Carlos Reyes,25,OAK,78,,27,344,293,38,71,20,2,10,7,5,44,57,0.242,0.342,0.427,0.769,0.266,125,7,2,2,3,1,4
385,Shane Reynolds,26,HOU,124,,33,517,486,46,128,13,4,10,7,3,21,110,0.263,0.302,0.368,0.67,0.322,179,12,6,4,0,3,7
386,Armando Reynoso,28,COL,52.1,,9,226,194,30,54,10,3,5,1,2,22,25,0.278,0.366,0.438,0.804,0.295,85,4,6,2,2,1,2
387,Arthur Rhodes*,24,BAL,52.2,,10,238,201,34,51,9,2,8,4,1,30,47,0.254,0.352,0.438,0.79,0.289,88,2,2,2,3,1,1
388,Dave Righetti*,35,TOT,20.1,,20,102,79,23,22,3,1,5,3,1,19,14,0.278,0.416,0.532,0.947,0.274,42,1,1,1,2,0,0
389,Dave Righetti*,35,OAK,7,,7,42,31,13,13,1,0,3,0,1,9,4,0.419,0.548,0.742,1.29,0.4,23,1,1,0,1,0,0
390,Dave Righetti*,35,TOR,13.1,,13,60,48,10,9,2,1,2,3,0,10,10,0.188,0.322,0.396,0.718,0.189,19,0,0,1,1,0,0
391,José Rijo,29,CIN,172.1,2,26,733,667,73,177,31,4,16,22,8,52,171,0.265,0.321,0.396,0.717,0.334,264,12,4,7,2,1,5
392,Bill Risley,27,SEA,52.1,,37,203,182,20,31,9,2,7,4,0,19,61,0.17,0.246,0.357,0.603,0.207,65,3,0,0,2,4,0
393,Kevin Ritz,29,COL,73.2,,15,335,290,49,88,25,2,5,6,3,35,53,0.303,0.384,0.455,0.839,0.355,132,7,4,4,2,4,2
394,Ben Rivera,26,PHI,38,,9,176,146,29,40,8,1,7,5,3,22,19,0.274,0.371,0.486,0.857,0.273,71,2,1,6,1,0,4
395,Rich Robertson*,25,PIT,15.2,,8,76,64,12,20,6,1,2,2,0,10,8,0.313,0.4,0.531,0.931,0.327,34,1,0,1,1,4,0
396,Rich Rodriguez*,31,STL,60.1,,56,260,230,30,62,14,2,6,3,2,26,43,0.27,0.345,0.426,0.771,0.308,98,6,1,2,1,4,1
397,Kenny Rogers*,29,TEX,167.1,,24,714,650,93,169,38,4,24,4,6,52,120,0.26,0.315,0.442,0.757,0.283,287,17,3,3,6,1,13
398,Kevin Rogers*,25,SFG,10.1,,9,46,40,4,10,3,0,1,0,0,6,7,0.25,0.348,0.4,0.748,0.281,16,1,0,0,0,0,0
399,Mel Rojas,27,MON,84,,58,341,313,35,71,7,0,11,10,1,21,84,0.227,0.283,0.355,0.638,0.274,111,7,4,2,1,0,3
400,John Roper,22,CIN,92,,16,390,353,49,90,25,1,16,8,1,30,51,0.255,0.318,0.467,0.785,0.256,165,11,4,0,3,0,3
401,Kirk Rueter*,23,MON,92.1,,20,397,360,60,106,20,0,11,4,5,23,50,0.294,0.335,0.442,0.777,0.311,159,10,2,6,6,1,6
402,Scott Ruffcorn,24,CHW,6.1,,2,39,33,11,15,2,1,1,4,0,5,3,0.455,0.513,0.667,1.179,0.467,22,0,0,0,1,0,0
403,Bruce Ruffin*,30,COL,55.2,,56,252,217,28,55,9,0,6,5,1,30,65,0.253,0.343,0.378,0.721,0.329,82,4,1,1,3,2,4
404,Johnny Ruffin,22,CIN,70,,51,287,256,26,57,8,3,7,2,0,27,44,0.223,0.295,0.359,0.654,0.242,92,4,0,2,2,3,2
405,Jeff Russell,32,TOT,40.2,,42,179,160,25,43,7,0,5,3,0,16,28,0.269,0.335,0.406,0.741,0.295,65,6,1,0,2,2,3
406,Jeff Russell,32,BOS,28,,29,127,111,17,30,6,0,3,3,0,13,18,0.27,0.346,0.405,0.752,0.293,45,3,1,0,2,2,2
407,Jeff Russell,32,CLE,12.2,,13,52,49,8,13,1,0,2,0,0,3,10,0.265,0.308,0.408,0.716,0.297,20,3,0,0,0,0,1
408,Ken Ryan,25,BOS,48,,42,202,180,14,46,9,1,1,4,1,17,32,0.256,0.323,0.333,0.657,0.306,60,8,1,4,0,3,1
409,Bret Saberhagen,30,NYM,177.1,2,24,696,665,58,169,37,7,13,8,4,13,143,0.254,0.271,0.389,0.66,0.304,259,17,4,9,5,0,4
410,A.J. Sager,29,SDP,46.2,,22,217,191,34,62,15,1,4,5,2,16,26,0.325,0.379,0.476,0.856,0.356,91,3,2,6,2,5,6
411,Roger Salkeld,23,SEA,59,,13,291,242,47,76,15,4,7,5,2,45,46,0.314,0.419,0.496,0.915,0.359,120,2,1,0,3,1,0
412,Bill Sampen,31,CAL,15.1,,10,75,58,11,14,1,0,1,0,0,13,9,0.241,0.405,0.31,0.716,0.271,18,0,3,1,0,0,1
413,Scott Sanders,25,SDP,111,,23,485,421,63,103,16,3,10,13,10,48,109,0.245,0.326,0.368,0.694,0.303,155,2,5,6,5,4,7
414,Scott Sanderson,37,CHW,92,,18,389,371,57,110,26,1,20,8,6,12,36,0.296,0.321,0.534,0.855,0.285,198,7,2,3,1,1,2
415,Bob Scanlan,27,MIL,103,,30,441,406,53,117,21,2,11,14,4,28,65,0.288,0.339,0.431,0.77,0.319,175,9,4,1,2,2,3
416,Rich Scheid*,29,FLA,32.1,,8,142,130,18,35,6,1,6,0,3,8,17,0.269,0.321,0.469,0.791,0.271,61,0,2,2,0,0,3
417,Curt Schilling,27,PHI,82.1,,13,360,322,42,87,15,0,10,6,1,28,58,0.27,0.333,0.41,0.743,0.302,132,1,3,6,1,3,1
418,Pete Schourek*,25,CIN,81.1,,22,354,314,39,90,14,0,11,3,6,29,69,0.287,0.351,0.436,0.787,0.335,137,7,3,6,2,4,3
419,Erik Schullstrom,25,MIN,13,,9,57,50,7,13,4,0,0,1,0,5,13,0.26,0.339,0.34,0.679,0.351,17,1,1,1,0,0,1
420,Jeff Schwarz,30,TOT,18,,13,88,64,13,14,3,0,0,1,0,22,18,0.219,0.414,0.266,0.679,0.298,17,3,0,1,1,0,2
421,Jeff Schwarz,30,CHW,11.1,,9,60,44,10,9,3,0,0,0,0,16,14,0.205,0.417,0.273,0.689,0.3,12,1,0,0,0,0,2
422,Jeff Schwarz,30,CAL,6.2,,4,28,20,3,5,0,0,0,1,0,6,4,0.25,0.407,0.25,0.657,0.294,5,2,0,1,1,0,0
423,Tim Scott,27,MON,53.1,,40,223,203,17,51,8,1,0,12,2,18,37,0.251,0.318,0.3,0.619,0.307,61,5,2,0,0,3,3
424,Rudy Seánez,25,LAD,23.2,,17,104,88,7,24,3,1,2,5,0,9,18,0.273,0.34,0.398,0.738,0.314,35,2,1,4,2,1,1
425,Aaron Sele,24,BOS,143.1,,22,615,536,68,140,19,3,13,6,7,60,105,0.261,0.343,0.381,0.723,0.3,204,17,9,4,5,2,3
426,Frank Seminara,27,NYM,17,,10,75,66,12,20,4,1,2,3,1,8,7,0.303,0.373,0.485,0.858,0.31,32,3,0,0,1,0,3
427,Scott Service,27,CIN,7.1,,6,35,30,9,8,2,1,2,0,0,3,5,0.267,0.333,0.6,0.933,0.261,18,0,0,2,0,0,1
428,Jeff Shaw,27,MON,67.1,,46,287,264,32,67,13,1,8,6,2,15,47,0.254,0.295,0.402,0.696,0.277,106,1,2,2,4,2,6
429,Paul Shuey,23,CLE,11.2,,14,62,50,11,14,5,0,1,4,0,12,16,0.28,0.419,0.44,0.859,0.394,22,1,0,0,0,1,1
430,Heathcliff Slocumb,28,PHI,72.1,,52,322,286,32,75,15,0,0,5,4,28,58,0.262,0.328,0.315,0.643,0.323,90,2,2,2,4,4,9
431,Aaron Small,22,TOR,2,,1,13,10,2,5,0,0,1,0,0,2,0,0.5,0.538,0.8,1.338,0.4,8,0,0,0,1,0,0
432,John Smiley*,29,CIN,158.2,1,24,672,615,80,169,32,2,18,16,7,37,112,0.275,0.32,0.421,0.741,0.311,259,9,4,16,0,3,9
433,Dan Smith*,25,TEX,14.2,,13,76,64,11,18,4,0,2,2,0,12,9,0.281,0.395,0.438,0.832,0.302,28,1,0,0,0,0,2
434,Lee Smith,36,BAL,38.1,,41,160,142,16,34,4,1,6,3,0,11,42,0.239,0.29,0.408,0.699,0.292,58,2,0,5,2,1,2
435,Pete Smith,28,NYM,131.1,,21,565,509,83,145,29,4,25,4,7,42,62,0.285,0.338,0.505,0.842,0.28,257,10,2,5,7,4,4
436,Willie Smith,26,STL,7,,8,33,30,7,9,1,0,4,1,0,3,7,0.3,0.364,0.733,1.097,0.263,22,0,0,0,0,0,0
437,Zane Smith*,33,PIT,157,,25,645,601,67,162,26,2,18,13,4,34,57,0.27,0.307,0.409,0.717,0.272,246,19,0,7,3,7,10
438,Roger Smithberg,28,OAK,2.1,,2,13,12,4,6,0,0,1,0,0,1,3,0.5,0.538,0.75,1.288,0.625,9,0,0,0,0,0,0
439,John Smoltz,27,ATL,134.2,,21,568,503,69,120,19,3,15,2,4,48,113,0.239,0.307,0.378,0.684,0.276,190,8,4,7,6,4,8
440,Paul Spoljaric*,23,TOR,2.1,,2,21,12,10,5,2,0,3,1,1,9,2,0.417,0.667,1.333,2,0.286,16,0,0,0,0,1,1
441,Jerry Spradlin,27,CIN,8,,6,38,34,11,12,1,1,2,1,0,2,4,0.353,0.368,0.618,0.986,0.333,21,1,0,0,2,0,0
442,Russ Springer,25,CAL,45.2,,18,198,182,28,53,13,0,9,3,2,14,28,0.291,0.34,0.511,0.851,0.301,93,3,0,1,1,0,1
443,Randy St. Claire,33,TOR,2,,2,12,9,4,4,1,0,0,0,1,2,2,0.444,0.545,0.556,1.101,0.571,5,0,0,1,0,1,1
444,Mike Stanton*,27,ATL,45.2,,49,197,165,18,41,4,1,2,3,4,26,35,0.248,0.359,0.321,0.68,0.302,53,2,3,2,1,3,1
445,Dave Stevens,24,MIN,45,,24,208,182,35,55,10,2,6,3,4,23,24,0.302,0.383,0.478,0.862,0.322,87,2,1,2,0,2,2
446,Dave Stewart,37,TOR,133.1,,22,602,530,89,151,26,3,26,15,6,62,111,0.285,0.362,0.492,0.854,0.315,261,7,4,2,4,4,3
447,Phil Stidham,25,DET,4.1,,5,26,21,12,12,2,0,3,0,1,4,4,0.571,0.615,1.095,1.711,0.6,23,2,0,0,1,1,0
448,Todd Stottlemyre,29,TOR,140.2,,26,605,540,67,149,31,5,19,19,9,48,105,0.276,0.34,0.457,0.797,0.309,247,11,7,4,5,2,7
449,Rick Sutcliffe,38,STL,67.2,,16,319,281,53,93,17,3,11,7,3,32,26,0.331,0.402,0.53,0.932,0.335,149,5,2,3,1,2,1
450,Russ Swan*,30,CLE,8,,12,43,34,11,13,2,0,1,1,0,7,2,0.382,0.488,0.529,1.017,0.387,18,1,0,2,0,1,0
451,Bill Swift,32,SFG,109.1,,17,457,416,49,109,12,1,10,8,4,31,62,0.262,0.313,0.368,0.681,0.286,153,12,1,7,2,6,6
452,Greg Swindell*,29,HOU,148.1,,24,623,580,80,175,36,0,20,10,11,26,74,0.302,0.329,0.467,0.796,0.314,271,12,1,9,7,2,9
453,Jeff Tabaka*,30,TOT,41,,39,182,151,29,32,8,3,1,4,1,27,32,0.212,0.33,0.325,0.654,0.261,49,2,0,3,1,3,3
454,Jeff Tabaka*,30,PIT,4,,5,24,16,8,4,2,0,1,0,0,8,2,0.25,0.5,0.563,1.063,0.231,9,0,0,0,0,0,0
455,Jeff Tabaka*,30,SDP,37,,34,158,135,21,28,6,3,0,4,1,19,30,0.207,0.303,0.296,0.6,0.264,40,2,0,3,1,3,3
456,Kevin Tapani,30,MIN,156,,24,672,621,86,181,44,5,13,16,7,39,91,0.291,0.335,0.441,0.776,0.322,274,14,4,2,5,0,6
457,Julián Tavárez,21,CLE,1.2,,1,14,12,8,6,2,0,1,1,0,1,0,0.5,0.5,0.917,1.417,0.417,11,0,0,0,1,1,2
458,Billy Taylor,32,OAK,46.1,,41,195,173,24,38,8,0,4,5,0,18,48,0.22,0.299,0.335,0.634,0.279,58,1,2,1,1,5,2
459,Kerry Taylor,23,SDP,4.1,,1,24,22,4,9,0,1,1,0,0,1,3,0.409,0.458,0.636,1.095,0.444,14,0,1,0,0,0,0
460,Dave Telgheder,27,NYM,10,,6,48,39,8,11,2,1,2,1,0,8,4,0.282,0.404,0.538,0.943,0.273,21,2,0,1,0,2,0
461,Bob Tewksbury,33,STL,155.2,,24,667,626,97,190,42,6,19,14,3,22,79,0.304,0.328,0.481,0.809,0.321,301,13,3,12,4,1,8
462,Bobby Thigpen,30,SEA,7.2,,7,40,34,9,12,4,0,3,0,0,5,4,0.353,0.436,0.735,1.171,0.333,25,0,0,1,0,0,0
463,Mark Thompson,23,COL,9,,2,49,40,9,16,4,2,2,3,0,8,5,0.4,0.51,0.75,1.26,0.424,30,2,1,0,0,0,0
464,Mike Timlin,28,TOR,40,,34,179,157,25,41,7,0,5,3,0,20,38,0.261,0.352,0.401,0.753,0.316,63,6,2,0,0,0,1
465,Andy Tomberlin*,27,BOS,2,,1,8,7,0,1,0,0,0,0,0,1,1,0.143,0.25,0.143,0.393,0.167,1,0,0,0,0,0,0
466,Randy Tomlin*,28,PIT,20.2,,10,89,79,9,23,3,1,1,0,2,10,17,0.291,0.371,0.392,0.763,0.361,31,4,0,0,0,0,0
467,Salomón Torres,22,SFG,84.1,,16,378,325,55,95,21,3,10,4,4,34,42,0.292,0.364,0.468,0.831,0.302,152,7,7,4,8,2,3
468,Steve Trachsel,23,CHC,146,,22,612,549,57,133,20,6,19,7,8,54,108,0.242,0.312,0.404,0.716,0.268,222,9,3,3,3,4,6
469,Ricky Trlicek,25,BOS,22.1,,12,113,97,21,32,4,0,5,1,0,16,7,0.33,0.425,0.526,0.951,0.318,51,0,0,0,0,2,1
470,Mike Trombley,27,MIN,48.1,,24,219,195,36,56,13,0,10,3,2,18,32,0.287,0.353,0.508,0.861,0.297,99,2,3,1,2,2,4
471,Matt Turner,27,CLE,12.2,,9,65,54,6,13,4,0,0,1,1,7,5,0.241,0.359,0.315,0.674,0.265,17,0,3,1,0,0,5
472,Tom Urbani*,26,STL,80.1,,20,354,325,48,98,22,2,12,3,6,21,43,0.302,0.348,0.492,0.84,0.316,160,9,3,3,2,0,5
473,Ismael Valdez,20,LAD,28.1,,21,115,102,10,21,4,2,2,4,0,10,28,0.206,0.277,0.343,0.62,0.264,35,1,0,3,0,2,0
474,Sergio Valdez,29,BOS,14.1,,12,72,64,14,25,3,0,4,4,1,8,4,0.391,0.458,0.625,1.083,0.375,40,0,0,0,0,1,1
475,Fernando Valenzuela*,33,PHI,45,,8,182,170,16,42,8,0,8,2,2,7,19,0.247,0.274,0.435,0.709,0.234,74,1,0,3,2,1,2
476,Tim Van Egmond,25,BOS,38.1,,7,173,149,27,38,6,2,7,6,0,21,22,0.255,0.341,0.463,0.804,0.252,69,3,0,0,3,3,2
477,Todd Van Poppel,22,OAK,116.2,,23,532,432,80,108,23,2,20,9,3,89,83,0.25,0.379,0.451,0.83,0.264,195,10,3,4,4,2,4
478,William VanLandingham,23,SFG,84,,16,363,314,37,70,18,1,4,15,3,43,56,0.223,0.319,0.325,0.644,0.259,102,5,2,3,1,4,7
479,Dave Veres,27,HOU,41,,32,168,158,13,39,5,1,4,4,1,7,28,0.247,0.28,0.367,0.647,0.273,58,1,1,0,2,3,1
480,Randy Veres,28,CHC,9.2,,10,43,39,6,12,1,0,3,1,0,2,5,0.308,0.349,0.564,0.913,0.281,22,1,1,0,1,0,0
481,Frank Viola*,34,BOS,31,,6,136,115,17,34,8,2,2,3,3,17,9,0.296,0.381,0.452,0.833,0.302,52,6,0,2,2,0,2
482,Ed Vosberg*,32,OAK,13.2,,16,56,50,7,16,2,1,2,1,2,5,12,0.32,0.382,0.52,0.902,0.389,26,3,0,1,0,0,0
483,Paul Wagner,26,PIT,119.2,,29,534,464,69,136,27,1,7,12,5,50,86,0.293,0.369,0.401,0.77,0.344,186,11,8,8,4,4,3
484,Bruce Walton,31,COL,5.1,,4,26,22,5,6,2,0,1,1,0,3,1,0.273,0.36,0.5,0.86,0.25,11,0,0,1,0,1,1
485,Allen Watson*,23,STL,115.2,,22,523,455,73,130,34,4,15,17,5,53,74,0.286,0.37,0.477,0.847,0.314,217,10,8,7,0,0,3
486,Gary Wayne*,31,LAD,17.1,,19,79,68,13,19,3,1,2,0,1,6,10,0.279,0.359,0.441,0.8,0.298,30,2,3,1,1,2,1
487,David Weathers,24,FLA,135,,24,621,542,87,166,21,6,13,4,5,59,72,0.306,0.376,0.439,0.815,0.332,238,19,4,12,4,9,11
488,Bill Wegman,31,MIL,115.2,,19,500,462,64,140,29,5,14,5,4,26,59,0.303,0.339,0.478,0.817,0.319,221,15,2,4,6,0,9
489,Bob Welch,37,OAK,68.2,,25,325,272,56,79,16,3,10,5,4,43,44,0.29,0.384,0.482,0.866,0.311,131,2,1,5,4,2,4
490,Bob Wells,27,TOT,9,,7,38,33,2,8,2,0,0,1,1,4,6,0.242,0.342,0.303,0.645,0.296,10,1,1,0,0,0,0
491,Bob Wells,27,PHI,5,,6,21,17,1,4,1,0,0,1,1,3,3,0.235,0.381,0.294,0.675,0.286,5,1,1,0,0,0,0
492,Bob Wells,27,SEA,4,,1,17,16,1,4,1,0,0,0,0,1,3,0.25,0.294,0.313,0.607,0.308,5,0,0,0,0,0,0
493,David Wells*,31,DET,111.1,,16,464,434,54,113,23,2,13,8,6,24,71,0.26,0.302,0.412,0.714,0.285,179,5,2,3,1,6,6
494,Turk Wendell,27,CHC,14.1,,6,76,63,20,22,6,0,3,1,0,10,9,0.349,0.432,0.587,1.02,0.365,37,0,0,2,1,1,1
495,Bill Wertz,27,CLE,4.1,,1,23,22,5,9,5,0,0,0,0,1,1,0.409,0.435,0.636,1.071,0.429,14,0,0,0,0,0,0
496,David West*,29,PHI,99,,31,429,361,44,74,20,0,7,10,2,61,83,0.205,0.32,0.319,0.639,0.245,115,3,1,4,2,2,2
497,John Wetteland,27,MON,63.2,,52,261,228,22,46,5,3,5,6,0,21,68,0.202,0.273,0.316,0.589,0.258,72,4,3,5,4,4,2
498,Gabe White*,22,MON,23.2,,7,106,92,16,24,10,2,4,5,1,11,17,0.261,0.343,0.543,0.886,0.278,50,1,1,1,1,0,1
499,Rick White,25,PIT,75.1,,43,317,282,35,79,13,3,9,0,0,17,38,0.28,0.329,0.443,0.772,0.292,125,12,6,7,5,3,3
500,Wally Whitehurst,30,SDP,64,,13,294,263,37,84,12,2,8,5,5,26,43,0.319,0.383,0.471,0.854,0.358,124,5,1,4,0,4,5
501,Matt Whiteside,26,TEX,61,,47,272,238,40,68,12,0,6,2,2,28,37,0.286,0.361,0.412,0.772,0.315,98,9,1,3,2,3,3
502,Bob Wickman,25,NYY,70,,53,286,253,26,54,10,2,3,2,1,27,56,0.213,0.287,0.304,0.591,0.256,77,9,1,0,5,3,5
503,Brian Williams,25,HOU,78.1,1,20,384,327,64,112,24,1,9,6,4,41,49,0.343,0.416,0.505,0.921,0.376,165,9,4,7,5,4,6
504,Mike Williams,25,PHI,50.1,,12,222,197,31,61,12,1,7,4,3,20,29,0.31,0.368,0.487,0.855,0.329,96,8,0,2,3,3,3
505,Mitch Williams*,29,HOU,20,,25,106,78,17,21,2,0,4,2,0,24,21,0.269,0.442,0.449,0.891,0.315,35,1,1,2,1,2,0
506,Woody Williams,27,TOR,59.1,,38,253,215,24,44,11,1,5,5,1,33,56,0.205,0.313,0.335,0.648,0.25,72,4,2,1,2,1,0
507,Mark Williamson,34,BAL,67.1,,28,291,270,33,75,15,2,9,4,1,17,28,0.278,0.323,0.448,0.771,0.281,121,4,2,0,2,1,2
508,Carl Willis,33,MIN,59.1,,49,282,266,48,89,21,0,6,3,2,12,37,0.335,0.359,0.481,0.841,0.367,128,2,0,1,3,5,8
509,Bobby Witt,30,OAK,135.2,,24,618,534,88,151,20,5,22,10,10,70,111,0.283,0.367,0.463,0.829,0.316,247,9,5,2,7,4,6
510,Mark Wohlers,24,ATL,51,,51,236,193,35,51,10,4,1,7,2,33,58,0.264,0.362,0.373,0.735,0.357,72,2,0,4,6,9,5
511,Brad Woodall*,25,ATL,6,,1,24,22,3,5,2,0,2,1,0,2,2,0.227,0.292,0.591,0.883,0.167,13,1,0,0,0,0,0
512,Tim Worrell,26,SDP,14.2,,3,59,53,7,9,3,1,0,1,0,5,14,0.17,0.237,0.264,0.501,0.225,14,0,0,0,1,0,1
513,Todd Worrell,34,LAD,42,,38,173,157,21,37,9,1,4,6,0,12,44,0.236,0.291,0.382,0.673,0.297,60,0,1,1,2,1,1
514,Anthony Young,28,CHC,114.2,,20,474,419,57,103,26,3,12,9,6,46,65,0.246,0.318,0.408,0.726,0.264,171,15,0,6,3,2,5
